{
  "mp4s/1080 1/161561-823944363_medium.mp4": 1.7899999618530273,
  "mp4s/1080 1/57963-486900368_medium.mp4": 1.5199999809265137,
  "mp4s/1080 1/CUBE 90 TURN.mp4": 2.069999933242798,
  "mp4s/1080 1/FUTURESELFBEATS+-+DEEP+[120BPM].mp4": 0.6200000047683716,
  "mp4s/1080 1/FUTURESELFBEATS+-+MACHINE+ECHOES.mp4": 3.05908203125,
  "mp4s/1080 1/artbreeder-scifi-ai-DOTS.mp4": 5.0,
  "mp4s/1080 1/crystal zoom.mp4": 0.7200000286102295,
  "mp4s/1080 1/japan_poison.mov": 0.3400000035762787,
  "mp4s/1080 1/mixkit-red-neon-futuristic-tunnel-35333-hd-ready.mp4": 3.05908203125,
  "mp4s/1080 1/sparks_03.mov": 0.9599999785423279,
  "mp4s/1080 1/squares_4k.mov": 1.149999976158142
}