{
  "mp4s/1080 1/artbreeder-scifi-ai-DOTS.mp4": 2.069999933242798,
  "mp4s/1080 1/sparks_03.mov": 0.9599999785423279
}