{
    "aberrationAmount": 0.029932785779237747,
    "activeMode": 9,
    "analogBloom": 0.5272502899169922,
    "analogChromaticAberration": 0.10000000149011612,
    "analogMaskBalance": 0.6517402529716492,
    "analogNoise": 0.2096485048532486,
    "analogScanlineFocus": 0.6332327127456665,
    "animationSpeed": 1.0,
    "animationTargetSeconds": 1.0,
    "audioBassGain": 1.2200000286102295,
    "audioBeatSync": 1.0,
    "audioBlurResponse": 2.0,
    "audioColorResponse": 2.0,
    "audioFeedbackResponse": 2.0,
    "audioGlitchResponse": 2.0,
    "audioHighGain": 3.4100000858306885,
    "audioInputGain": 2.940000057220459,
    "audioLfoRate": 4.0,
    "audioMidGain": 1.600000023841858,
    "audioReactiveDrive": 0.9399999976158142,
    "audioWarpResponse": 2.0,
    "autoRandomizeColors": false,
    "autoScaleVideo": true,
    "bass": 0.7250608801841736,
    "bendAmount": 0.0,
    "blendFeedbackMix": 1.0,
    "blendModeFeedback": 5,
    "blendModeProcedural": 3,
    "blendModeVideo": 5,
    "blendProceduralMix": 1.0,
    "blendVideoMix": 1.0,
    "bloomIntensity": 1.7246434688568115,
    "bloomThreshold": 0.5760537981987,
    "cameraPanX": -1.0,
    "cameraPanY": -1.0,
    "cameraRotation": -3.140000104904175,
    "cameraZoom": 0.009999999776482582,
    "casAmount": 0.6072517037391663,
    "colorBalance": [
        1.0,
        1.0,
        2.0
    ],
    "colorBlend": 0.0,
    "colorLUTIndex": 3,
    "colorRandomizeElapsed": 0.8319130539894104,
    "colorRandomizeInterval": 0.10000000149011612,
    "crtCurvature": 0.43357735872268677,
    "crtFishEye": 0.08078038692474365,
    "crtHorizontalCurvature": 0.4298812448978424,
    "crtMaskIntensity": 0.15854774415493011,
    "crtScanlineIntensity": 0.4078722298145294,
    "crtVignette": 0.853339672088623,
    "directionalBlur": 0.010967700742185116,
    "directionalBlurAngle": 6.28000020980835,
    "displacementAmount": 0.460367351770401,
    "edgeBlend": 0.22373002767562866,
    "edgeColor": [
        0.9798592329025269,
        0.7495273351669312,
        0.42832592129707336
    ],
    "edgeStrength": 2.382617235183716,
    "edgeThreshold": 0.2826606035232544,
    "enableAnalog": false,
    "enableBlending": true,
    "enableBlurMotion": true,
    "enableCameraMovement": true,
    "enableColorGrading": false,
    "enableDistortion": false,
    "enableDualVideo": true,
    "enableEdgeDetect": true,
    "enableFXAA": true,
    "enableFeedback": false,
    "enableGlitch": true,
    "enableGrid": true,
    "enableInfrared": false,
    "enableInvert": true,
    "enableMirror": true,
    "enablePixelate": false,
    "enablePostAberration": true,
    "enablePostBend": false,
    "enablePostBloom": true,
    "enablePostColorBalance": true,
    "enablePostCrtCurvature": false,
    "enablePostFishEye": false,
    "enablePostGlitch": true,
    "enablePostGrain": true,
    "enablePostScanMask": false,
    "enablePostVignette": true,
    "enablePosterize": true,
    "enableRGBShift": true,
    "enableRandomJumpInterval": false,
    "enableRandomJumpInterval2": false,
    "enableRgbOverlay": true,
    "enableSharpen": true,
    "enableSlowZoom": true,
    "enableStrobe": true,
    "enableTempoLfo": true,
    "enableTemporal": true,
    "enableThreshold": false,
    "enableZoomPulse": true,
    "energy": 0.4677380919456482,
    "feedbackAmount": 0.0,
    "feedbackDecay": 0.0,
    "forcedFpsIndex": 4,
    "frameAccumulation": 0.44116222858428955,
    "fxaaQualityEdgeThreshold": 0.38092291355133057,
    "fxaaQualityEdgeThresholdMin": 0.19812297821044922,
    "fxaaQualitySubpix": 0.6178823709487915,
    "gaussianBlur": 0.9267667531967163,
    "glitchAmount": 0.43296658992767334,
    "glitchBufferCorruption": 0.02386968955397606,
    "glitchDatamosh": 0.9419552683830261,
    "glitchJitter": 0.5075814723968506,
    "glitchPixelSort": 0.17351315915584564,
    "glitchRGBSplit": 0.48194795846939087,
    "glitchScanlineBreak": 0.1922595202922821,
    "glitchTearing": 0.6400699019432068,
    "gradeBrightness": -0.16565269231796265,
    "gradeContrast": 1.2953369617462158,
    "gradeGamma": 1.3078320026397705,
    "gradeHueShift": 0.0,
    "gradeSaturation": 1.1334829330444336,
    "grainStrength": 0.10211668908596039,
    "grayscaleAmount": 0.0,
    "gridColumns": 6,
    "gridCount": 4,
    "gridLineColor": [
        1.0,
        1.0,
        1.0
    ],
    "gridLineIntensity": 0.5,
    "gridLineWidth": 0.0020000000949949026,
    "gridMirrorCells": true,
    "gridMode": 2,
    "gridRows": 4,
    "gridShowLines": false,
    "high": 0.26089128851890564,
    "kaleidoSegments": 5.934804916381836,
    "localContrast": 0.18088285624980927,
    "lockColorBalance": true,
    "lockGrid": true,
    "lockThreshold": true,
    "loopBlendSeconds": 0.0,
    "masterBrightness": 1.0,
    "mid": 0.45850497484207153,
    "mirrorAmount": 0.5205795764923096,
    "motionBlur": 0.4829334318637848,
    "pixelateAmount": 0.14846159517765045,
    "posterizeLevels": 15.365565299987793,
    "primaryColor": [
        0.36944490671157837,
        0.778406023979187,
        0.3819562792778015,
        1.0
    ],
    "primaryColorTarget": [
        0.0,
        0.9511458873748779,
        1.0,
        1.0
    ],
    "randomJumpInterval": 5.0,
    "randomJumpInterval2": 5.0,
    "randomVideo2Start": false,
    "randomVideoStart": false,
    "recursiveBlend": 0.0,
    "rgbOverlay": [
        0.0,
        0.0,
        1.0
    ],
    "rgbShiftAmount": 0.07841291278600693,
    "rippleFrequency": 1.1716272830963135,
    "rippleStrength": 0.4535069465637207,
    "secondaryColor": [
        0.6318154335021973,
        0.22285433113574982,
        0.6193041205406189,
        1.0
    ],
    "secondaryColorTarget": [
        1.0,
        0.048854053020477295,
        0.0,
        1.0
    ],
    "selectedVideo2Asset": 0,
    "selectedVideo2Folder": "",
    "selectedVideoFolder": "",
    "sharpenAmount": 0.0,
    "slowMotionFactor": 2.0,
    "slowZoomAmount": 0.49131953716278076,
    "splitToneBalance": 0.3036018908023834,
    "splitToneHighlights": [
        0.1931607872247696,
        0.0010319110006093979,
        0.7360751628875732
    ],
    "splitToneShadows": [
        0.9429875612258911,
        0.7561375498771667,
        0.23069532215595245
    ],
    "strobeSpeed": 13.25020694732666,
    "swirlStrength": 0.0,
    "tempo": 1.5034948587417603,
    "tempoLfoDepth": 1.3880000114440918,
    "tempoLfoPhase": 0.8098757266998291,
    "tempoLfoSpeed": 2.940000057220459,
    "temporalAccumulation": 0.0,
    "temporalBlendStrength": 0.9747893214225769,
    "temporalBlur": 0.8671607375144958,
    "temporalInterpolation": 0.25761571526527405,
    "thresholdLevel": 0.49000000953674316,
    "trailStrength": 0.0,
    "tunnelCurvature": 0.0,
    "tunnelDepth": 0.4029726982116699,
    "unsharpMask": 0.2765052020549774,
    "upscaleEnabled": true,
    "uvWarpStrength": 0.27478528022766113,
    "version": 1,
    "vhsDistortion": 0.15571361780166626,
    "video2BlendMode": 4,
    "video2Mix": 1.0,
    "video2PlaybackRate": 1.0,
    "videoDecodeOversample": 1.0,
    "videoMix": 0.0,
    "videoPlaybackRate": 1.0,
    "zoomBlur": 0.2729993462562561,
    "zoomPulseAmount": 0.7864598035812378
}