{
    "aberrationAmount": 0.041621070355176926,
    "activeMode": 9,
    "analogBloom": 0.9090920090675354,
    "analogChromaticAberration": 0.04999367520213127,
    "analogMaskBalance": 0.3125486969947815,
    "analogNoise": 0.3238648474216461,
    "analogScanlineFocus": 0.34313446283340454,
    "animationSpeed": 1.0,
    "animationTargetSeconds": 1.0,
    "audioBassGain": 1.0,
    "audioBeatSync": 1.0,
    "audioBlurResponse": 2.0,
    "audioColorResponse": 2.0,
    "audioFeedbackResponse": 2.0,
    "audioGlitchResponse": 2.0,
    "audioHighGain": 4.0,
    "audioInputGain": 3.0,
    "audioLfoRate": 4.0,
    "audioMidGain": 2.450000047683716,
    "audioReactiveDrive": 0.5,
    "audioWarpResponse": 2.0,
    "autoRandomizeColors": false,
    "autoScaleVideo": true,
    "bass": 0.11445958912372589,
    "bendAmount": 0.27732646465301514,
    "blendFeedbackMix": 0.5,
    "blendModeFeedback": 2,
    "blendModeProcedural": 1,
    "blendModeVideo": 2,
    "blendProceduralMix": 1.0,
    "blendVideoMix": 1.0,
    "bloomIntensity": 1.4521335363388062,
    "bloomThreshold": 0.28046444058418274,
    "cameraPanX": -0.9219589233398438,
    "cameraPanY": -0.8171945214271545,
    "cameraRotation": 1.3713946342468262,
    "cameraZoom": 0.5558308362960815,
    "casAmount": 0.7534185647964478,
    "colorBalance": [
        1.0,
        1.0,
        1.0
    ],
    "colorBlend": 0.4880000054836273,
    "colorLUTIndex": 2,
    "colorRandomizeElapsed": 0.8319130539894104,
    "colorRandomizeInterval": 1.0,
    "crtCurvature": 0.2399536669254303,
    "crtFishEye": -0.9986304640769958,
    "crtHorizontalCurvature": 0.17040233314037323,
    "crtMaskIntensity": 0.17106151580810547,
    "crtScanlineIntensity": 0.2842598855495453,
    "crtVignette": 0.414590060710907,
    "directionalBlur": 0.24846164882183075,
    "directionalBlurAngle": 6.28000020980835,
    "displacementAmount": 0.21432238817214966,
    "edgeBlend": 0.671777606010437,
    "edgeColor": [
        0.6021791100502014,
        0.759214460849762,
        0.20313285291194916
    ],
    "edgeStrength": 3.618865489959717,
    "edgeThreshold": 0.5332252383232117,
    "enableAnalog": true,
    "enableBlending": true,
    "enableBlurMotion": true,
    "enableCameraMovement": false,
    "enableColorGrading": true,
    "enableDistortion": true,
    "enableDualVideo": true,
    "enableEdgeDetect": true,
    "enableFXAA": true,
    "enableFeedback": true,
    "enableGlitch": true,
    "enableGrid": false,
    "enableInfrared": true,
    "enableInvert": true,
    "enableMirror": true,
    "enablePixelate": false,
    "enablePostAberration": true,
    "enablePostBend": true,
    "enablePostBloom": true,
    "enablePostColorBalance": true,
    "enablePostCrtCurvature": true,
    "enablePostFishEye": true,
    "enablePostGlitch": true,
    "enablePostGrain": true,
    "enablePostScanMask": true,
    "enablePostVignette": true,
    "enablePosterize": true,
    "enableRGBShift": false,
    "enableRandomJumpInterval": false,
    "enableRandomJumpInterval2": false,
    "enableRandomJumpInterval3": false,
    "enableRgbOverlay": false,
    "enableSharpen": true,
    "enableSlowZoom": true,
    "enableStrobe": true,
    "enableTempoLfo": true,
    "enableTemporal": true,
    "enableThreshold": false,
    "enableZoomPulse": true,
    "energy": 0.05061047524213791,
    "feedbackAmount": 0.24909482896327972,
    "feedbackDecay": 0.978327751159668,
    "forcedFpsIndex": 4,
    "frameAccumulation": 0.8515430092811584,
    "fxaaQualityEdgeThreshold": 0.14229603111743927,
    "fxaaQualityEdgeThresholdMin": 0.006274891551584005,
    "fxaaQualitySubpix": 0.4695686399936676,
    "gaussianBlur": 0.8642075657844543,
    "glitchAmount": 0.359378457069397,
    "glitchBufferCorruption": 0.1273566484451294,
    "glitchDatamosh": 0.567747175693512,
    "glitchJitter": 0.6027013659477234,
    "glitchPixelSort": 0.15582768619060516,
    "glitchRGBSplit": 0.9887135028839111,
    "glitchScanlineBreak": 0.5885823965072632,
    "glitchTearing": 0.6245892643928528,
    "gradeBrightness": -0.029999999329447746,
    "gradeContrast": 1.0715001821517944,
    "gradeGamma": 1.230809211730957,
    "gradeHueShift": 4.536781311035156,
    "gradeSaturation": 0.628206729888916,
    "grainStrength": 0.16145473718643188,
    "grayscaleAmount": 0.0,
    "gridColumns": 4,
    "gridCount": 4,
    "gridLineColor": [
        1.0,
        1.0,
        1.0
    ],
    "gridLineIntensity": 0.5,
    "gridLineWidth": 0.0020000000949949026,
    "gridMirrorCells": true,
    "gridMode": 2,
    "gridRows": 2,
    "gridShowLines": false,
    "high": 0.2557253837585449,
    "kaleidoSegments": 9.188196182250977,
    "localContrast": 0.7379149198532104,
    "lockColorBalance": true,
    "lockGrid": true,
    "lockThreshold": true,
    "loopBlendSeconds": 2.0,
    "masterBrightness": 2.0,
    "mid": 0.3064132630825043,
    "mirrorAmount": 0.28448712825775146,
    "motionBlur": 0.1554989367723465,
    "pixelateAmount": 0.7148236632347107,
    "posterizeLevels": 13.188943862915039,
    "primaryColor": [
        0.43307098746299744,
        0.7283778190612793,
        0.26232457160949707,
        1.0
    ],
    "primaryColorTarget": [
        0.023464202880859375,
        0.9808623790740967,
        0.4787660241127014,
        1.0
    ],
    "randomJumpInterval": 5.0,
    "randomJumpInterval2": 5.0,
    "randomJumpInterval3": 5.0,
    "randomVideo2Start": false,
    "randomVideo3Start": false,
    "randomVideoStart": false,
    "recursiveBlend": 0.77361661195755,
    "rgbOverlay": [
        0.0,
        0.0,
        1.0
    ],
    "rgbShiftAmount": 0.0,
    "rippleFrequency": 1.0405991077423096,
    "rippleStrength": 0.31016579270362854,
    "secondaryColor": [
        0.5592669248580933,
        0.263960063457489,
        0.7300134897232056,
        1.0
    ],
    "secondaryColorTarget": [
        0.9808623790740967,
        0.023464202880859375,
        0.5255605578422546,
        1.0
    ],
    "selectedVideo2Asset": 0,
    "selectedVideo2Folder": "",
    "selectedVideo3Asset": 0,
    "selectedVideo3Folder": "FVS",
    "selectedVideoFolder": "",
    "sharpenAmount": 0.0,
    "slowMotionFactor": 2.0,
    "slowZoomAmount": 0.7968224287033081,
    "splitToneBalance": 0.12594234943389893,
    "splitToneHighlights": [
        0.14780190587043762,
        0.8904640674591064,
        0.1846219301223755
    ],
    "splitToneShadows": [
        0.1274152249097824,
        0.04303304851055145,
        0.6734802722930908
    ],
    "strobeSpeed": 8.335570335388184,
    "swirlStrength": 0.08878892660140991,
    "tempo": 0.028464308008551598,
    "tempoLfoDepth": 1.3880000114440918,
    "tempoLfoPhase": 4.509959697723389,
    "tempoLfoSpeed": 2.940000057220459,
    "temporalAccumulation": 0.1704246699810028,
    "temporalBlendStrength": 0.6209167242050171,
    "temporalBlur": 0.5243275761604309,
    "temporalInterpolation": 0.6553874015808105,
    "thresholdLevel": 0.5,
    "trailStrength": 0.9690709114074707,
    "tunnelCurvature": 0.0,
    "tunnelDepth": 0.36860084533691406,
    "unsharpMask": 0.9771112203598022,
    "upscaleEnabled": true,
    "uvWarpStrength": 0.48338261246681213,
    "version": 1,
    "vhsDistortion": 0.21485555171966553,
    "video2AspectRatio": 1,
    "video2BlendMode": 4,
    "video2Mix": 1.0,
    "video2PlaybackRate": 1.0,
    "video3AspectRatio": 1,
    "video3BlendMode": 0,
    "video3Mix": 1.0,
    "video3PlaybackRate": 1.0,
    "videoAspectRatio": 1,
    "videoDecodeOversample": 1.0,
    "videoMix": 0.49799999594688416,
    "videoPlaybackRate": 1.0,
    "zoomBlur": 0.4773487448692322,
    "zoomPulseAmount": 0.6788580417633057
}