{
    "aberrationAmount": 0.0028162598609924316,
    "activeMode": 10,
    "analogBloom": 0.30000001192092896,
    "analogChromaticAberration": 0.019999999552965164,
    "analogMaskBalance": 0.5,
    "analogNoise": 0.20000000298023224,
    "analogScanlineFocus": 0.5,
    "animationSpeed": 1.0,
    "animationTargetSeconds": 1.0,
    "audioBeatSync": 0.5345492959022522,
    "audioBlurResponse": 1.5792832374572754,
    "audioColorResponse": 1.0298255681991577,
    "audioFeedbackResponse": 0.6781430244445801,
    "audioGlitchResponse": 1.0772581100463867,
    "audioHighGain": 1.0,
    "audioLfoRate": 2.604163885116577,
    "audioReactiveDrive": 1.0,
    "audioWarpResponse": 0.5332826972007751,
    "autoRandomizeColors": false,
    "autoScaleVideo": true,
    "bass": 0.20441827178001404,
    "bendAmount": 0.25396928191185,
    "blendFeedbackMix": 0.5,
    "blendModeFeedback": 2,
    "blendModeProcedural": 0,
    "blendModeVideo": 1,
    "blendProceduralMix": 1.0,
    "blendVideoMix": 1.0,
    "bloomIntensity": 0.16993999481201172,
    "bloomThreshold": 0.14226189255714417,
    "cameraPanX": -0.6591545343399048,
    "cameraPanY": -0.6998981237411499,
    "cameraRotation": 1.80247163772583,
    "cameraZoom": 0.6586361527442932,
    "casAmount": 0.0,
    "colorBalance": [
        1.5667486190795898,
        1.4082248210906982,
        0.6718220114707947
    ],
    "colorBlend": 0.4880000054836273,
    "colorLUTIndex": 0,
    "colorRandomizeElapsed": 0.0,
    "colorRandomizeInterval": 1.0,
    "crtCurvature": 0.43776819109916687,
    "crtFishEye": 0.5213303565979004,
    "crtHorizontalCurvature": 0.1906876564025879,
    "crtMaskIntensity": 0.9854393005371094,
    "crtScanlineIntensity": 0.4455125331878662,
    "crtVignette": 0.5725541114807129,
    "directionalBlur": 0.0,
    "directionalBlurAngle": 0.0,
    "displacementAmount": 0.0,
    "edgeBlend": 0.6103276610374451,
    "edgeColor": [
        0.5576987266540527,
        0.24505123496055603,
        0.4723461866378784
    ],
    "edgeStrength": 0.865826427936554,
    "edgeThreshold": 0.46167075634002686,
    "enableAnalog": false,
    "enableAudioReactive": true,
    "enableBlending": false,
    "enableBlurMotion": false,
    "enableCameraMovement": false,
    "enableColorGrading": false,
    "enableDistortion": false,
    "enableDualVideo": true,
    "enableEdgeDetect": true,
    "enableFXAA": true,
    "enableFeedback": false,
    "enableGlitch": false,
    "enableGrid": false,
    "enableInfrared": true,
    "enableInvert": true,
    "enableMirror": true,
    "enablePixelate": false,
    "enablePostAberration": true,
    "enablePostBend": true,
    "enablePostBloom": true,
    "enablePostColorBalance": true,
    "enablePostCrtCurvature": true,
    "enablePostFishEye": true,
    "enablePostGlitch": true,
    "enablePostGrain": true,
    "enablePostScanMask": true,
    "enablePostVignette": true,
    "enablePosterize": true,
    "enableRGBShift": true,
    "enableRandomJumpInterval": false,
    "enableRandomJumpInterval2": false,
    "enableRgbOverlay": true,
    "enableSharpen": false,
    "enableSlowZoom": false,
    "enableStrobe": false,
    "enableTempoLfo": true,
    "enableTemporal": false,
    "enableThreshold": false,
    "enableZoomPulse": true,
    "energy": 0.0,
    "feedbackAmount": 0.0,
    "feedbackDecay": 0.0,
    "forcedFpsIndex": 4,
    "frameAccumulation": 0.0,
    "fxaaQualityEdgeThreshold": 0.125,
    "fxaaQualityEdgeThresholdMin": 0.0625,
    "fxaaQualitySubpix": 0.75,
    "gaussianBlur": 0.0,
    "glitchAmount": 0.8385202884674072,
    "glitchBufferCorruption": 0.0,
    "glitchDatamosh": 0.0,
    "glitchJitter": 0.0,
    "glitchPixelSort": 0.0,
    "glitchRGBSplit": 0.0,
    "glitchScanlineBreak": 0.0,
    "glitchTearing": 0.0,
    "gradeBrightness": 0.0,
    "gradeContrast": 1.0,
    "gradeGamma": 1.0,
    "gradeHueShift": 0.0,
    "gradeSaturation": 1.0,
    "grainStrength": 0.47843998670578003,
    "grayscaleAmount": 0.0,
    "gridColumns": 5,
    "gridCount": 5,
    "gridLineColor": [
        1.0,
        1.0,
        1.0
    ],
    "gridLineIntensity": 0.5,
    "gridLineWidth": 0.0020000000949949026,
    "gridMirrorCells": true,
    "gridMode": 0,
    "gridRows": 6,
    "gridShowLines": false,
    "high": 0.005859485361725092,
    "kaleidoSegments": 6.0,
    "localContrast": 0.0,
    "loopBlendSeconds": 0.0,
    "mid": 0.020263727754354477,
    "mirrorAmount": 0.3359261453151703,
    "motionBlur": 0.0,
    "pixelateAmount": 0.0,
    "posterizeLevels": 2.392939567565918,
    "primaryColor": [
        0.8999999761581421,
        0.4000000059604645,
        0.10000000149011612,
        1.0
    ],
    "primaryColorTarget": [
        0.8999999761581421,
        0.4000000059604645,
        0.10000000149011612,
        1.0
    ],
    "randomJumpInterval": 5.0,
    "randomJumpInterval2": 5.0,
    "randomVideo2Start": false,
    "randomVideoStart": false,
    "recursiveBlend": 0.0,
    "rgbOverlay": [
        1.0,
        0.6666666865348816,
        1.0
    ],
    "rgbShiftAmount": 0.07387464493513107,
    "rippleFrequency": 1.0,
    "rippleStrength": 0.0,
    "secondaryColor": [
        0.10000000149011612,
        0.5,
        0.800000011920929,
        1.0
    ],
    "secondaryColorTarget": [
        0.10000000149011612,
        0.5,
        0.800000011920929,
        1.0
    ],
    "selectedVideo2Asset": 0,
    "selectedVideo2Folder": "1080 1",
    "selectedVideoFolder": "1080 1",
    "sharpenAmount": 0.5,
    "slowMotionFactor": 1.0,
    "slowZoomAmount": 0.0,
    "splitToneBalance": 0.5,
    "splitToneHighlights": [
        1.0,
        1.0,
        1.0
    ],
    "splitToneShadows": [
        0.0,
        0.0,
        0.0
    ],
    "strobeSpeed": 0.0,
    "swirlStrength": 0.0,
    "tempo": 20.0,
    "tempoLfoDepth": 0.30000001192092896,
    "tempoLfoPhase": 0.3042442798614502,
    "tempoLfoSpeed": 0.5,
    "temporalAccumulation": 0.0,
    "temporalBlendStrength": 0.0,
    "temporalBlur": 0.0,
    "temporalInterpolation": 0.0,
    "thresholdLevel": 0.5,
    "trailStrength": 0.0,
    "tunnelCurvature": 0.0,
    "tunnelDepth": 0.0,
    "unsharpMask": 0.0,
    "upscaleEnabled": true,
    "uvWarpStrength": 0.0,
    "version": 1,
    "vhsDistortion": 0.0,
    "video2BlendMode": 4,
    "video2Mix": 0.47699999809265137,
    "video2PlaybackRate": 2.569999933242798,
    "videoDecodeOversample": 1.0,
    "videoMix": 1.0,
    "videoPlaybackRate": 0.49000000953674316,
    "zoomBlur": 0.0,
    "zoomPulseAmount": 0.061746422201395035
}