{
    "aberrationAmount": 0.019999999552965164,
    "activeMode": 9,
    "analogBloom": 1.9498240947723389,
    "analogChromaticAberration": 0.17705456912517548,
    "analogMaskBalance": 0.5480284690856934,
    "analogNoise": 0.293182373046875,
    "analogScanlineFocus": 0.8727725148200989,
    "animationSpeed": 1.0,
    "animationTargetSeconds": 1.0,
    "audioBassGain": 1.2400000095367432,
    "audioBeatSync": 1.0,
    "audioBlurResponse": 2.0,
    "audioColorResponse": 2.0,
    "audioFeedbackResponse": 2.0,
    "audioGlitchResponse": 2.0,
    "audioHighGain": 4.0,
    "audioInputGain": 0.33000001311302185,
    "audioLfoRate": 4.0,
    "audioMidGain": 2.450000047683716,
    "audioReactiveDrive": 0.5,
    "audioWarpResponse": 2.0,
    "autoRandomizeColors": false,
    "autoScaleVideo": true,
    "bass": 0.18046076595783234,
    "bendAmount": 0.0,
    "blendFeedbackMix": 1.0,
    "blendModeFeedback": 5,
    "blendModeProcedural": 4,
    "blendModeVideo": 5,
    "blendProceduralMix": 1.3787966966629028,
    "blendVideoMix": 0.806820273399353,
    "bloomIntensity": 0.44999998807907104,
    "bloomThreshold": 0.699999988079071,
    "cameraPanX": 1.0,
    "cameraPanY": 1.0,
    "cameraRotation": -2.569999933242798,
    "cameraZoom": 0.009999999776482582,
    "casAmount": 0.03342892974615097,
    "colorBalance": [
        1.0,
        1.0,
        2.0
    ],
    "colorBlend": 0.4880000054836273,
    "colorLUTIndex": 1,
    "colorRandomizeElapsed": 0.8319130539894104,
    "colorRandomizeInterval": 1.0,
    "crtCurvature": 0.15000000596046448,
    "crtFishEye": 0.0,
    "crtHorizontalCurvature": 0.15000000596046448,
    "crtMaskIntensity": 0.3499999940395355,
    "crtScanlineIntensity": 0.3499999940395355,
    "crtVignette": 0.550000011920929,
    "directionalBlur": 0.14610952138900757,
    "directionalBlurAngle": 126.98787689208984,
    "displacementAmount": 0.05394374579191208,
    "edgeBlend": 0.1342114955186844,
    "edgeColor": [
        0.8228889107704163,
        0.025387462228536606,
        0.32657793164253235
    ],
    "edgeStrength": 0.7769262194633484,
    "edgeThreshold": 0.6604203581809998,
    "enableAnalog": true,
    "enableBlending": true,
    "enableBlurMotion": true,
    "enableCameraMovement": true,
    "enableColorGrading": true,
    "enableDistortion": true,
    "enableDualVideo": true,
    "enableEdgeDetect": true,
    "enableFXAA": true,
    "enableFeedback": true,
    "enableGlitch": false,
    "enableGrid": true,
    "enableInfrared": true,
    "enableInvert": false,
    "enableMirror": false,
    "enablePixelate": false,
    "enablePostAberration": true,
    "enablePostBend": true,
    "enablePostBloom": true,
    "enablePostColorBalance": true,
    "enablePostCrtCurvature": false,
    "enablePostFishEye": false,
    "enablePostGlitch": true,
    "enablePostGrain": true,
    "enablePostScanMask": true,
    "enablePostVignette": true,
    "enablePosterize": false,
    "enableRGBShift": true,
    "enableRandomJumpInterval": false,
    "enableRandomJumpInterval2": false,
    "enableRgbOverlay": true,
    "enableSharpen": true,
    "enableSlowZoom": true,
    "enableStrobe": true,
    "enableTempoLfo": true,
    "enableTemporal": true,
    "enableThreshold": true,
    "enableZoomPulse": true,
    "energy": 0.2528943419456482,
    "feedbackAmount": 0.0,
    "feedbackDecay": 0.0,
    "forcedFpsIndex": 4,
    "frameAccumulation": 0.6084725856781006,
    "fxaaQualityEdgeThreshold": 0.3180094063282013,
    "fxaaQualityEdgeThresholdMin": 0.024333033710718155,
    "fxaaQualitySubpix": 0.010385454632341862,
    "gaussianBlur": 0.9283255338668823,
    "glitchAmount": 0.0,
    "glitchBufferCorruption": 0.17289592325687408,
    "glitchDatamosh": 0.9922157526016235,
    "glitchJitter": 0.15800586342811584,
    "glitchPixelSort": 0.5243707895278931,
    "glitchRGBSplit": 0.4843292236328125,
    "glitchScanlineBreak": 0.48494988679885864,
    "glitchTearing": 0.9629652500152588,
    "gradeBrightness": 0.02302546799182892,
    "gradeContrast": 1.2821359634399414,
    "gradeGamma": 0.9010326266288757,
    "gradeHueShift": -71.8065185546875,
    "gradeSaturation": 1.1024179458618164,
    "grainStrength": 0.15000000596046448,
    "grayscaleAmount": 0.0,
    "gridColumns": 4,
    "gridCount": 4,
    "gridLineColor": [
        1.0,
        1.0,
        1.0
    ],
    "gridLineIntensity": 0.5,
    "gridLineWidth": 0.0020000000949949026,
    "gridMirrorCells": true,
    "gridMode": 2,
    "gridRows": 2,
    "gridShowLines": false,
    "high": 0.23979100584983826,
    "kaleidoSegments": 9.183297157287598,
    "localContrast": 0.7109503149986267,
    "lockColorBalance": true,
    "lockGrid": true,
    "lockThreshold": true,
    "loopBlendSeconds": 0.0,
    "masterBrightness": 2.0,
    "mid": 0.26931703090667725,
    "mirrorAmount": 0.33629798889160156,
    "motionBlur": 0.13098526000976563,
    "pixelateAmount": 0.0,
    "posterizeLevels": 9.396366119384766,
    "primaryColor": [
        0.43307098746299744,
        0.7283778190612793,
        0.26232457160949707,
        1.0
    ],
    "primaryColorTarget": [
        0.023464202880859375,
        0.9808623790740967,
        0.4787660241127014,
        1.0
    ],
    "randomJumpInterval": 5.0,
    "randomJumpInterval2": 5.0,
    "randomVideo2Start": false,
    "randomVideoStart": false,
    "recursiveBlend": 0.0,
    "rgbOverlay": [
        0.0,
        0.0,
        1.0
    ],
    "rgbShiftAmount": 0.05849714204668999,
    "rippleFrequency": 3.9198575019836426,
    "rippleStrength": 0.43483099341392517,
    "secondaryColor": [
        0.5592669248580933,
        0.263960063457489,
        0.7300134897232056,
        1.0
    ],
    "secondaryColorTarget": [
        0.9808623790740967,
        0.023464202880859375,
        0.5255605578422546,
        1.0
    ],
    "selectedVideo2Asset": 0,
    "selectedVideo2Folder": "",
    "selectedVideoFolder": "",
    "sharpenAmount": 0.0,
    "slowMotionFactor": 2.2919535636901855,
    "slowZoomAmount": 0.0,
    "splitToneBalance": 0.48603883385658264,
    "splitToneHighlights": [
        0.4708024561405182,
        0.5747251510620117,
        0.9852598309516907
    ],
    "splitToneShadows": [
        0.8397427797317505,
        0.8411888480186462,
        0.5135518908500671
    ],
    "strobeSpeed": 0.0,
    "swirlStrength": -0.12490636110305786,
    "tempo": 0.3179425597190857,
    "tempoLfoDepth": 1.3880000114440918,
    "tempoLfoPhase": 3.2986536026000977,
    "tempoLfoSpeed": 2.940000057220459,
    "temporalAccumulation": 0.0,
    "temporalBlendStrength": 0.13537856936454773,
    "temporalBlur": 0.4337858557701111,
    "temporalInterpolation": 0.08390304446220398,
    "thresholdLevel": 0.20999999344348907,
    "trailStrength": 0.0,
    "tunnelCurvature": -0.4999098777770996,
    "tunnelDepth": 0.2017884999513626,
    "unsharpMask": 0.22473657131195068,
    "upscaleEnabled": true,
    "uvWarpStrength": 0.22473448514938354,
    "version": 1,
    "vhsDistortion": 0.12648829817771912,
    "video2BlendMode": 4,
    "video2Mix": 1.0,
    "video2PlaybackRate": 1.0,
    "videoDecodeOversample": 1.0,
    "videoMix": 0.0,
    "videoPlaybackRate": 1.0,
    "zoomBlur": 0.635604739189148,
    "zoomPulseAmount": 0.5541335344314575
}