{
    "aberrationAmount": 0.010649483650922775,
    "activeMode": 9,
    "analogBloom": 0.30000001192092896,
    "analogChromaticAberration": 0.019999999552965164,
    "analogMaskBalance": 0.5,
    "analogNoise": 0.20000000298023224,
    "analogScanlineFocus": 0.5,
    "animationSpeed": 1.0,
    "animationTargetSeconds": 1.0,
    "audioBassGain": 1.4299999475479126,
    "audioBeatSync": 1.0,
    "audioBlurResponse": 2.0,
    "audioColorResponse": 2.0,
    "audioFeedbackResponse": 2.0,
    "audioGlitchResponse": 2.0,
    "audioHighGain": 3.4100000858306885,
    "audioInputGain": 3.0,
    "audioLfoRate": 4.0,
    "audioMidGain": 1.7899999618530273,
    "audioReactiveDrive": 0.5,
    "audioWarpResponse": 2.0,
    "autoRandomizeColors": false,
    "autoScaleVideo": true,
    "bass": 1.0,
    "bendAmount": 0.3008125126361847,
    "blendFeedbackMix": 2.0,
    "blendModeFeedback": 3,
    "blendModeProcedural": 3,
    "blendModeVideo": 1,
    "blendProceduralMix": 1.0,
    "blendVideoMix": 1.0,
    "bloomIntensity": 0.3895436227321625,
    "bloomThreshold": 0.2519190013408661,
    "cameraPanX": -1.0,
    "cameraPanY": -1.0,
    "cameraRotation": -3.140000104904175,
    "cameraZoom": 5.0,
    "casAmount": 0.0,
    "colorBalance": [
        0.0,
        0.0,
        1.2259999513626099
    ],
    "colorBlend": 0.4880000054836273,
    "colorLUTIndex": 0,
    "colorRandomizeElapsed": 0.8319130539894104,
    "colorRandomizeInterval": 1.0,
    "crtCurvature": 0.3419800102710724,
    "crtFishEye": -0.6399999856948853,
    "crtHorizontalCurvature": 0.23063434660434723,
    "crtMaskIntensity": 0.8043312430381775,
    "crtScanlineIntensity": 0.1514548361301422,
    "crtVignette": 0.550000011920929,
    "directionalBlur": 0.0,
    "directionalBlurAngle": 0.0,
    "displacementAmount": 0.0,
    "edgeBlend": 0.4326564371585846,
    "edgeColor": [
        0.684293270111084,
        0.1571323424577713,
        0.6790392398834229
    ],
    "edgeStrength": 1.451850175857544,
    "edgeThreshold": 0.6865549087524414,
    "enableAnalog": true,
    "enableBlending": true,
    "enableBlurMotion": true,
    "enableCameraMovement": true,
    "enableColorGrading": false,
    "enableDistortion": false,
    "enableDualVideo": true,
    "enableEdgeDetect": false,
    "enableFXAA": false,
    "enableFeedback": false,
    "enableGlitch": false,
    "enableGrid": true,
    "enableInfrared": false,
    "enableInvert": false,
    "enableMirror": false,
    "enablePixelate": false,
    "enablePostAberration": true,
    "enablePostBend": false,
    "enablePostBloom": true,
    "enablePostColorBalance": true,
    "enablePostCrtCurvature": false,
    "enablePostFishEye": false,
    "enablePostGlitch": true,
    "enablePostGrain": true,
    "enablePostScanMask": true,
    "enablePostVignette": false,
    "enablePosterize": false,
    "enableRGBShift": true,
    "enableRandomJumpInterval": false,
    "enableRandomJumpInterval2": false,
    "enableRgbOverlay": true,
    "enableSharpen": true,
    "enableSlowZoom": false,
    "enableStrobe": false,
    "enableTempoLfo": true,
    "enableTemporal": false,
    "enableThreshold": false,
    "enableZoomPulse": false,
    "energy": 0.9943702816963196,
    "feedbackAmount": 0.0,
    "feedbackDecay": 0.0,
    "forcedFpsIndex": 4,
    "frameAccumulation": 0.0,
    "fxaaQualityEdgeThreshold": 0.5,
    "fxaaQualityEdgeThresholdMin": 0.20000000298023224,
    "fxaaQualitySubpix": 1.0,
    "gaussianBlur": 0.0,
    "glitchAmount": 0.15888573229312897,
    "glitchBufferCorruption": 0.0,
    "glitchDatamosh": 0.0,
    "glitchJitter": 0.0,
    "glitchPixelSort": 0.0,
    "glitchRGBSplit": 0.0,
    "glitchScanlineBreak": 0.0,
    "glitchTearing": 0.0,
    "gradeBrightness": 0.0,
    "gradeContrast": 1.0,
    "gradeGamma": 1.0,
    "gradeHueShift": 0.0,
    "gradeSaturation": 1.0,
    "grainStrength": 0.43798089027404785,
    "grayscaleAmount": 0.0,
    "gridColumns": 4,
    "gridCount": 4,
    "gridLineColor": [
        1.0,
        1.0,
        1.0
    ],
    "gridLineIntensity": 0.5,
    "gridLineWidth": 0.0020000000949949026,
    "gridMirrorCells": true,
    "gridMode": 2,
    "gridRows": 4,
    "gridShowLines": false,
    "high": 0.2912246286869049,
    "kaleidoSegments": 6.0,
    "localContrast": 0.0,
    "lockColorBalance": true,
    "lockGrid": true,
    "lockThreshold": true,
    "loopBlendSeconds": 0.0,
    "mid": 0.6339515447616577,
    "mirrorAmount": 0.23831260204315186,
    "motionBlur": 0.0,
    "pixelateAmount": 0.0,
    "posterizeLevels": 4.645596981048584,
    "primaryColor": [
        0.43307098746299744,
        0.7283778190612793,
        0.26232457160949707,
        1.0
    ],
    "primaryColorTarget": [
        0.023464202880859375,
        0.9808623790740967,
        0.4787660241127014,
        1.0
    ],
    "randomJumpInterval": 5.0,
    "randomJumpInterval2": 5.0,
    "randomVideo2Start": false,
    "randomVideoStart": false,
    "recursiveBlend": 0.0,
    "rgbOverlay": [
        0.0,
        0.0,
        1.0
    ],
    "rgbShiftAmount": 0.013398167677223682,
    "rippleFrequency": 1.0,
    "rippleStrength": 0.0,
    "secondaryColor": [
        0.5592669248580933,
        0.263960063457489,
        0.7300134897232056,
        1.0
    ],
    "secondaryColorTarget": [
        0.9808623790740967,
        0.023464202880859375,
        0.5255605578422546,
        1.0
    ],
    "selectedVideo2Asset": 0,
    "selectedVideo2Folder": "",
    "selectedVideoFolder": "",
    "sharpenAmount": 0.0,
    "slowMotionFactor": 1.0,
    "slowZoomAmount": 0.0,
    "splitToneBalance": 0.5,
    "splitToneHighlights": [
        1.0,
        1.0,
        1.0
    ],
    "splitToneShadows": [
        0.0,
        0.0,
        0.0
    ],
    "strobeSpeed": 0.0,
    "swirlStrength": 0.0,
    "tempo": 2.4789183139801025,
    "tempoLfoDepth": 1.3880000114440918,
    "tempoLfoPhase": 1.2041962146759033,
    "tempoLfoSpeed": 2.940000057220459,
    "temporalAccumulation": 0.0,
    "temporalBlendStrength": 0.0,
    "temporalBlur": 0.0,
    "temporalInterpolation": 0.0,
    "thresholdLevel": 0.5299999713897705,
    "trailStrength": 0.0,
    "tunnelCurvature": 0.0,
    "tunnelDepth": 0.0,
    "unsharpMask": 0.0,
    "upscaleEnabled": true,
    "uvWarpStrength": 0.0,
    "version": 1,
    "vhsDistortion": 0.0,
    "video2BlendMode": 4,
    "video2Mix": 1.0,
    "video2PlaybackRate": 1.0,
    "videoDecodeOversample": 1.0,
    "videoMix": 0.0,
    "videoPlaybackRate": 1.0,
    "zoomBlur": 0.0,
    "zoomPulseAmount": 0.8491262793540955
}