{
    "aberrationAmount": -0.0214560367166996,
    "activeMode": 40,
    "analogBloom": 1.784031867980957,
    "analogChromaticAberration": 0.11484183371067047,
    "analogMaskBalance": 0.0551753044128418,
    "analogNoise": 0.03926607221364975,
    "analogScanlineFocus": 0.010342752560973167,
    "animationSpeed": 1.0,
    "animationTargetSeconds": 1.0,
    "audioBassGain": 0.8899999856948853,
    "audioBeatSync": 1.0,
    "audioBlurResponse": 1.204290509223938,
    "audioColorResponse": 0.9923453330993652,
    "audioFeedbackResponse": 0.8577277064323425,
    "audioGlitchResponse": 1.3547266721725464,
    "audioHighGain": 0.47999998927116394,
    "audioInputGain": 1.940000057220459,
    "audioLfoRate": 3.96869158744812,
    "audioMidGain": 0.25999999046325684,
    "audioReactiveDrive": 0.5,
    "audioWarpResponse": 1.8307437896728516,
    "autoRandomizeColors": false,
    "autoScaleVideo": true,
    "bass": 5.4124266070235735e-15,
    "bendAmount": 0.1181579977273941,
    "blendFeedbackMix": 0.5,
    "blendModeFeedback": 2,
    "blendModeProcedural": 1,
    "blendModeVideo": 0,
    "blendProceduralMix": 0.6623777747154236,
    "blendVideoMix": 0.40503016114234924,
    "bloomIntensity": 0.24834874272346497,
    "bloomThreshold": 0.43645331263542175,
    "cameraPanX": -1.0,
    "cameraPanY": 0.09000000357627869,
    "cameraRotation": -3.0899999141693115,
    "cameraZoom": 1.2899999618530273,
    "casAmount": 0.742919385433197,
    "colorBalance": [
        0.39800000190734863,
        1.0219999551773071,
        2.0
    ],
    "colorBlend": 0.4880000054836273,
    "colorLUTIndex": 0,
    "colorRandomizeElapsed": 0.8319130539894104,
    "colorRandomizeInterval": 1.0,
    "crtCurvature": 0.022206945344805717,
    "crtFishEye": 0.2885129451751709,
    "crtHorizontalCurvature": 0.4608127474784851,
    "crtMaskIntensity": 0.6673158407211304,
    "crtScanlineIntensity": 0.6114016175270081,
    "crtVignette": 0.8614648580551147,
    "directionalBlur": 0.7804107666015625,
    "directionalBlurAngle": 183.2102813720703,
    "displacementAmount": 0.3092401325702667,
    "edgeBlend": 0.1645928919315338,
    "edgeColor": [
        0.8737486004829407,
        0.11614581942558289,
        0.9810760617256165
    ],
    "edgeStrength": 4.647863864898682,
    "edgeThreshold": 0.09225524216890335,
    "enableAnalog": true,
    "enableBlending": true,
    "enableBlurMotion": true,
    "enableCameraMovement": false,
    "enableColorGrading": true,
    "enableDistortion": true,
    "enableDualVideo": true,
    "enableEdgeDetect": true,
    "enableFXAA": true,
    "enableFeedback": true,
    "enableGlitch": false,
    "enableGrid": true,
    "enableInfrared": true,
    "enableInvert": true,
    "enableMirror": true,
    "enablePixelate": false,
    "enablePostAberration": true,
    "enablePostBend": true,
    "enablePostBloom": true,
    "enablePostColorBalance": true,
    "enablePostCrtCurvature": true,
    "enablePostFishEye": true,
    "enablePostGlitch": true,
    "enablePostGrain": true,
    "enablePostScanMask": true,
    "enablePostVignette": false,
    "enablePosterize": true,
    "enableRGBShift": true,
    "enableRandomJumpInterval": false,
    "enableRandomJumpInterval2": false,
    "enableRgbOverlay": true,
    "enableSharpen": false,
    "enableSlowZoom": true,
    "enableStrobe": true,
    "enableTempoLfo": true,
    "enableTemporal": true,
    "enableThreshold": true,
    "enableZoomPulse": true,
    "energy": 1.3951835171610583e-05,
    "feedbackAmount": 0.0,
    "feedbackDecay": 0.0,
    "forcedFpsIndex": 4,
    "frameAccumulation": 0.3462652266025543,
    "fxaaQualityEdgeThreshold": 0.03839133679866791,
    "fxaaQualityEdgeThresholdMin": 0.14597122371196747,
    "fxaaQualitySubpix": 0.01138267945498228,
    "gaussianBlur": 0.5390006303787231,
    "glitchAmount": 0.6205658912658691,
    "glitchBufferCorruption": 0.38680940866470337,
    "glitchDatamosh": 0.9629502892494202,
    "glitchJitter": 0.7239967584609985,
    "glitchPixelSort": 0.46777260303497314,
    "glitchRGBSplit": 0.08900699764490128,
    "glitchScanlineBreak": 0.9771241545677185,
    "glitchTearing": 0.7036061882972717,
    "gradeBrightness": 0.04857511818408966,
    "gradeContrast": 0.8838350176811218,
    "gradeGamma": 1.3561961650848389,
    "gradeHueShift": -87.43135070800781,
    "gradeSaturation": 1.5811001062393188,
    "grainStrength": 0.2659790813922882,
    "grayscaleAmount": 0.0,
    "gridColumns": 6,
    "gridCount": 4,
    "gridLineColor": [
        1.0,
        1.0,
        1.0
    ],
    "gridLineIntensity": 0.5,
    "gridLineWidth": 0.0020000000949949026,
    "gridMirrorCells": true,
    "gridMode": 2,
    "gridRows": 4,
    "gridShowLines": false,
    "high": 3.993574396102324e-17,
    "kaleidoSegments": 8.85110092163086,
    "localContrast": 0.5194661617279053,
    "lockColorBalance": true,
    "lockGrid": true,
    "lockThreshold": true,
    "loopBlendSeconds": 0.0,
    "mid": 2.797000200622634e-16,
    "mirrorAmount": 0.346551775932312,
    "motionBlur": 0.010361803695559502,
    "pixelateAmount": 0.9671331644058228,
    "posterizeLevels": 5.216403007507324,
    "primaryColor": [
        0.5310234427452087,
        0.8590116500854492,
        0.2946915030479431,
        1.0
    ],
    "primaryColorTarget": [
        0.5310234427452087,
        0.8590116500854492,
        0.2946915030479431,
        1.0
    ],
    "randomJumpInterval": 5.0,
    "randomJumpInterval2": 5.0,
    "randomVideo2Start": false,
    "randomVideoStart": false,
    "recursiveBlend": 0.0,
    "rgbOverlay": [
        1.0,
        0.6666666865348816,
        1.0
    ],
    "rgbShiftAmount": 0.048925288021564484,
    "rippleFrequency": 1.0288352966308594,
    "rippleStrength": 0.051234401762485504,
    "secondaryColor": [
        0.622679591178894,
        0.2946915030479431,
        0.8590116500854492,
        1.0
    ],
    "secondaryColorTarget": [
        0.622679591178894,
        0.2946915030479431,
        0.8590116500854492,
        1.0
    ],
    "selectedVideo2Asset": 0,
    "selectedVideo2Folder": "1080 1",
    "selectedVideoFolder": "1080 1",
    "sharpenAmount": 0.0,
    "slowMotionFactor": 0.14537453651428223,
    "slowZoomAmount": 0.037015173584222794,
    "splitToneBalance": 0.33904924988746643,
    "splitToneHighlights": [
        0.10372325778007507,
        0.6240342259407043,
        0.25139135122299194
    ],
    "splitToneShadows": [
        0.13910168409347534,
        0.38391003012657166,
        0.530012309551239
    ],
    "strobeSpeed": 17.376354217529297,
    "swirlStrength": 0.43072783946990967,
    "tempo": 1.3028278544879868e-07,
    "tempoLfoDepth": 1.3880000114440918,
    "tempoLfoPhase": 4.359582424163818,
    "tempoLfoSpeed": 2.940000057220459,
    "temporalAccumulation": 0.0,
    "temporalBlendStrength": 0.6575677990913391,
    "temporalBlur": 0.6665645837783813,
    "temporalInterpolation": 0.950646162033081,
    "thresholdLevel": 0.2199999988079071,
    "trailStrength": 0.0,
    "tunnelCurvature": 0.42879897356033325,
    "tunnelDepth": 0.10108140856027603,
    "unsharpMask": 0.564810574054718,
    "upscaleEnabled": true,
    "uvWarpStrength": 0.0864449068903923,
    "version": 1,
    "vhsDistortion": 0.38481661677360535,
    "video2BlendMode": 4,
    "video2Mix": 0.28299999237060547,
    "video2PlaybackRate": 1.0,
    "videoDecodeOversample": 1.0,
    "videoMix": 0.03200000151991844,
    "videoPlaybackRate": 1.0,
    "zoomBlur": 0.4657256305217743,
    "zoomPulseAmount": 0.6478712558746338
}