{
    "aberrationAmount": 0.0,
    "activeMode": 40,
    "analogBloom": 0.3147866725921631,
    "analogChromaticAberration": 0.10087744891643524,
    "analogMaskBalance": 0.5080150961875916,
    "analogNoise": 0.9608026742935181,
    "analogScanlineFocus": 0.20253223180770874,
    "animationSpeed": 1.0,
    "animationTargetSeconds": 1.0,
    "audioBassGain": 1.0,
    "audioBeatSync": 1.0,
    "audioBlurResponse": 2.0,
    "audioColorResponse": 2.0,
    "audioFeedbackResponse": 2.0,
    "audioGlitchResponse": 2.0,
    "audioHighGain": 4.0,
    "audioInputGain": 2.4600000381469727,
    "audioLfoRate": 4.0,
    "audioMidGain": 2.450000047683716,
    "audioReactiveDrive": 0.5,
    "audioWarpResponse": 2.0,
    "autoRandomizeColors": false,
    "autoScaleVideo": true,
    "bass": 0.41677725315093994,
    "bendAmount": 0.38713666796684265,
    "blendFeedbackMix": 1.0,
    "blendModeFeedback": 5,
    "blendModeProcedural": 4,
    "blendModeVideo": 4,
    "blendProceduralMix": 0.44318029284477234,
    "blendVideoMix": 1.4136613607406616,
    "bloomIntensity": 1.5942984819412231,
    "bloomThreshold": 0.8668383359909058,
    "cameraPanX": 1.0,
    "cameraPanY": 1.0,
    "cameraRotation": -2.569999933242798,
    "cameraZoom": 0.5,
    "casAmount": 0.9766250848770142,
    "colorBalance": [
        0.0,
        0.8709999918937683,
        2.0
    ],
    "colorBlend": 0.4880000054836273,
    "colorLUTIndex": 5,
    "colorRandomizeElapsed": 0.8319130539894104,
    "colorRandomizeInterval": 1.0,
    "crtCurvature": 0.49139416217803955,
    "crtFishEye": 0.6753323078155518,
    "crtHorizontalCurvature": 0.09743378311395645,
    "crtMaskIntensity": 0.22530008852481842,
    "crtScanlineIntensity": 0.07123897969722748,
    "crtVignette": 0.8945298194885254,
    "directionalBlur": 0.2140384018421173,
    "directionalBlurAngle": 278.6373596191406,
    "displacementAmount": 0.04518909752368927,
    "edgeBlend": 0.1342114955186844,
    "edgeColor": [
        0.8228889107704163,
        0.025387462228536606,
        0.32657793164253235
    ],
    "edgeStrength": 0.7769262194633484,
    "edgeThreshold": 0.6604203581809998,
    "enableAnalog": true,
    "enableBlending": true,
    "enableBlurMotion": true,
    "enableCameraMovement": true,
    "enableColorGrading": false,
    "enableDistortion": false,
    "enableDualVideo": true,
    "enableEdgeDetect": true,
    "enableFXAA": true,
    "enableFeedback": true,
    "enableGlitch": false,
    "enableGrid": true,
    "enableInfrared": true,
    "enableInvert": false,
    "enableMirror": false,
    "enablePixelate": false,
    "enablePostAberration": true,
    "enablePostBend": false,
    "enablePostBloom": true,
    "enablePostColorBalance": true,
    "enablePostCrtCurvature": true,
    "enablePostFishEye": true,
    "enablePostGlitch": false,
    "enablePostGrain": false,
    "enablePostScanMask": false,
    "enablePostVignette": false,
    "enablePosterize": false,
    "enableRGBShift": true,
    "enableRandomJumpInterval": false,
    "enableRandomJumpInterval2": false,
    "enableRgbOverlay": true,
    "enableSharpen": false,
    "enableSlowZoom": true,
    "enableStrobe": true,
    "enableTempoLfo": true,
    "enableTemporal": true,
    "enableThreshold": false,
    "enableZoomPulse": true,
    "energy": 0.28189748525619507,
    "feedbackAmount": 0.0,
    "feedbackDecay": 0.0,
    "forcedFpsIndex": 4,
    "frameAccumulation": 0.4187885522842407,
    "fxaaQualityEdgeThreshold": 0.3180094063282013,
    "fxaaQualityEdgeThresholdMin": 0.024333033710718155,
    "fxaaQualitySubpix": 0.010385454632341862,
    "gaussianBlur": 0.3083496391773224,
    "glitchAmount": 0.710652232170105,
    "glitchBufferCorruption": 0.31728634238243103,
    "glitchDatamosh": 0.38856151700019836,
    "glitchJitter": 0.09773968905210495,
    "glitchPixelSort": 0.8058066964149475,
    "glitchRGBSplit": 0.3721449375152588,
    "glitchScanlineBreak": 0.7439821362495422,
    "glitchTearing": 0.6124060153961182,
    "gradeBrightness": 0.004003673791885376,
    "gradeContrast": 2.0,
    "gradeGamma": 1.1023136377334595,
    "gradeHueShift": 0.0,
    "gradeSaturation": 0.6280849575996399,
    "grainStrength": 0.4957883358001709,
    "grayscaleAmount": 0.0,
    "gridColumns": 4,
    "gridCount": 4,
    "gridLineColor": [
        1.0,
        1.0,
        1.0
    ],
    "gridLineIntensity": 0.5,
    "gridLineWidth": 0.0020000000949949026,
    "gridMirrorCells": true,
    "gridMode": 2,
    "gridRows": 2,
    "gridShowLines": false,
    "high": 0.5244625210762024,
    "kaleidoSegments": 8.409242630004883,
    "localContrast": 0.06755522638559341,
    "lockColorBalance": true,
    "lockGrid": true,
    "lockThreshold": true,
    "loopBlendSeconds": 0.0,
    "mid": 0.6735135316848755,
    "mirrorAmount": 0.33629798889160156,
    "motionBlur": 0.4478641748428345,
    "pixelateAmount": 0.0,
    "posterizeLevels": 9.396366119384766,
    "primaryColor": [
        0.43307098746299744,
        0.7283778190612793,
        0.26232457160949707,
        1.0
    ],
    "primaryColorTarget": [
        0.023464202880859375,
        0.9808623790740967,
        0.4787660241127014,
        1.0
    ],
    "randomJumpInterval": 5.0,
    "randomJumpInterval2": 5.0,
    "randomVideo2Start": false,
    "randomVideoStart": false,
    "recursiveBlend": 0.0,
    "rgbOverlay": [
        1.0,
        0.6666666865348816,
        1.0
    ],
    "rgbShiftAmount": 0.05849714204668999,
    "rippleFrequency": 5.668290138244629,
    "rippleStrength": 0.16585272550582886,
    "secondaryColor": [
        0.5592669248580933,
        0.263960063457489,
        0.7300134897232056,
        1.0
    ],
    "secondaryColorTarget": [
        0.9808623790740967,
        0.023464202880859375,
        0.5255605578422546,
        1.0
    ],
    "selectedVideo2Asset": 0,
    "selectedVideo2Folder": "",
    "selectedVideoFolder": "",
    "sharpenAmount": 0.0,
    "slowMotionFactor": 3.6274032592773438,
    "slowZoomAmount": 0.0,
    "splitToneBalance": 0.3261702358722687,
    "splitToneHighlights": [
        0.19412237405776978,
        0.16921928524971008,
        0.8004863262176514
    ],
    "splitToneShadows": [
        0.9164998531341553,
        0.7714117169380188,
        0.2638416588306427
    ],
    "strobeSpeed": 0.0,
    "swirlStrength": -0.023658663034439087,
    "tempo": 0.3741767704486847,
    "tempoLfoDepth": 1.3880000114440918,
    "tempoLfoPhase": 4.09757661819458,
    "tempoLfoSpeed": 2.940000057220459,
    "temporalAccumulation": 0.0,
    "temporalBlendStrength": 0.9199066758155823,
    "temporalBlur": 0.6231484413146973,
    "temporalInterpolation": 0.7622813582420349,
    "thresholdLevel": 0.1899999976158142,
    "trailStrength": 0.0,
    "tunnelCurvature": -0.299862265586853,
    "tunnelDepth": 0.4393031597137451,
    "unsharpMask": 0.26203659176826477,
    "upscaleEnabled": true,
    "uvWarpStrength": 0.09476763755083084,
    "version": 1,
    "vhsDistortion": 0.461493581533432,
    "video2BlendMode": 4,
    "video2Mix": 1.0,
    "video2PlaybackRate": 1.0,
    "videoDecodeOversample": 1.0,
    "videoMix": 0.0,
    "videoPlaybackRate": 1.0,
    "zoomBlur": 0.3626868724822998,
    "zoomPulseAmount": 0.5541335344314575
}