{
    "aberrationAmount": 0.04329172894358635,
    "activeMode": 9,
    "analogBloom": 1.0,
    "analogChromaticAberration": 0.10000000149011612,
    "analogMaskBalance": 0.6471593976020813,
    "analogNoise": 0.47021910548210144,
    "analogScanlineFocus": 0.42992499470710754,
    "animationSpeed": 1.0,
    "animationTargetSeconds": 1.0,
    "audioBassGain": 1.0,
    "audioBeatSync": 1.0,
    "audioBlurResponse": 2.0,
    "audioColorResponse": 2.0,
    "audioFeedbackResponse": 2.0,
    "audioGlitchResponse": 2.0,
    "audioHighGain": 4.0,
    "audioInputGain": 2.309999942779541,
    "audioLfoRate": 4.0,
    "audioMidGain": 2.450000047683716,
    "audioReactiveDrive": 3.0,
    "audioWarpResponse": 2.0,
    "autoRandomizeColors": false,
    "autoScaleVideo": true,
    "bass": 0.6796976327896118,
    "bendAmount": 0.5,
    "blendFeedbackMix": 1.0,
    "blendModeFeedback": 4,
    "blendModeProcedural": 3,
    "blendModeVideo": 2,
    "blendProceduralMix": 1.0,
    "blendVideoMix": 1.0,
    "bloomIntensity": 0.26785510778427124,
    "bloomThreshold": 0.17173990607261658,
    "cameraPanX": -1.0,
    "cameraPanY": -0.9399999976158142,
    "cameraRotation": 3.140000104904175,
    "cameraZoom": 0.5,
    "casAmount": 0.4897559881210327,
    "colorBalance": [
        2.0,
        0.0,
        2.0
    ],
    "colorBlend": 0.4880000054836273,
    "colorLUTIndex": 5,
    "colorRandomizeElapsed": 0.8319130539894104,
    "colorRandomizeInterval": 1.0,
    "crtCurvature": 0.5320178270339966,
    "crtFishEye": 0.6511498689651489,
    "crtHorizontalCurvature": 0.09774372726678848,
    "crtMaskIntensity": 0.03469688072800636,
    "crtScanlineIntensity": 0.41047054529190063,
    "crtVignette": 0.25633150339126587,
    "directionalBlur": 0.16998331248760223,
    "directionalBlurAngle": 6.28000020980835,
    "displacementAmount": 0.009267834015190601,
    "edgeBlend": 0.1645928919315338,
    "edgeColor": [
        0.8737486004829407,
        0.11614581942558289,
        0.9810760617256165
    ],
    "edgeStrength": 4.647863864898682,
    "edgeThreshold": 0.09225524216890335,
    "enableAnalog": true,
    "enableBlending": true,
    "enableBlurMotion": true,
    "enableCameraMovement": true,
    "enableColorGrading": true,
    "enableDistortion": true,
    "enableDualVideo": true,
    "enableEdgeDetect": false,
    "enableFXAA": false,
    "enableFeedback": true,
    "enableGlitch": false,
    "enableGrid": true,
    "enableInfrared": false,
    "enableInvert": false,
    "enableMirror": false,
    "enablePixelate": false,
    "enablePostAberration": true,
    "enablePostBend": false,
    "enablePostBloom": true,
    "enablePostColorBalance": true,
    "enablePostCrtCurvature": true,
    "enablePostFishEye": true,
    "enablePostGlitch": true,
    "enablePostGrain": true,
    "enablePostScanMask": true,
    "enablePostVignette": false,
    "enablePosterize": false,
    "enableRGBShift": false,
    "enableRandomJumpInterval": false,
    "enableRandomJumpInterval2": false,
    "enableRgbOverlay": true,
    "enableSharpen": false,
    "enableSlowZoom": false,
    "enableStrobe": false,
    "enableTempoLfo": true,
    "enableTemporal": true,
    "enableThreshold": true,
    "enableZoomPulse": false,
    "energy": 1.0,
    "feedbackAmount": 0.0,
    "feedbackDecay": 0.0,
    "forcedFpsIndex": 4,
    "frameAccumulation": 0.8694073557853699,
    "fxaaQualityEdgeThreshold": 0.125,
    "fxaaQualityEdgeThresholdMin": 0.0625,
    "fxaaQualitySubpix": 0.75,
    "gaussianBlur": 0.8899759650230408,
    "glitchAmount": 0.5446332097053528,
    "glitchBufferCorruption": 0.945457935333252,
    "glitchDatamosh": 0.1414758861064911,
    "glitchJitter": 0.021667148917913437,
    "glitchPixelSort": 0.07339213788509369,
    "glitchRGBSplit": 0.15690943598747253,
    "glitchScanlineBreak": 0.8163065314292908,
    "glitchTearing": 0.13023178279399872,
    "gradeBrightness": -0.0,
    "gradeContrast": 2.0,
    "gradeGamma": 1.3381541967391968,
    "gradeHueShift": 6.28000020980835,
    "gradeSaturation": 0.782903790473938,
    "grainStrength": 0.08200916647911072,
    "grayscaleAmount": 0.0,
    "gridColumns": 4,
    "gridCount": 4,
    "gridLineColor": [
        1.0,
        1.0,
        1.0
    ],
    "gridLineIntensity": 0.5,
    "gridLineWidth": 0.0020000000949949026,
    "gridMirrorCells": true,
    "gridMode": 2,
    "gridRows": 2,
    "gridShowLines": false,
    "high": 1.0,
    "kaleidoSegments": 8.743855476379395,
    "localContrast": 0.29081183671951294,
    "lockColorBalance": true,
    "lockGrid": true,
    "lockThreshold": true,
    "loopBlendSeconds": 0.0,
    "mid": 1.0,
    "mirrorAmount": 0.346551775932312,
    "motionBlur": 0.4645664393901825,
    "pixelateAmount": 1.0,
    "posterizeLevels": 5.216403007507324,
    "primaryColor": [
        0.43307098746299744,
        0.7283778190612793,
        0.26232457160949707,
        1.0
    ],
    "primaryColorTarget": [
        0.023464202880859375,
        0.9808623790740967,
        0.4787660241127014,
        1.0
    ],
    "randomJumpInterval": 5.0,
    "randomJumpInterval2": 5.0,
    "randomVideo2Start": false,
    "randomVideoStart": false,
    "recursiveBlend": 0.0,
    "rgbOverlay": [
        1.0,
        0.6666666865348816,
        1.0
    ],
    "rgbShiftAmount": 0.048925288021564484,
    "rippleFrequency": 3.9081716537475586,
    "rippleStrength": 0.4893650710582733,
    "secondaryColor": [
        0.5592669248580933,
        0.263960063457489,
        0.7300134897232056,
        1.0
    ],
    "secondaryColorTarget": [
        0.9808623790740967,
        0.023464202880859375,
        0.5255605578422546,
        1.0
    ],
    "selectedVideo2Asset": 0,
    "selectedVideo2Folder": "1080 1",
    "selectedVideoFolder": "1080 1",
    "sharpenAmount": 0.0,
    "slowMotionFactor": 0.6422854065895081,
    "slowZoomAmount": 0.0,
    "splitToneBalance": 0.37657880783081055,
    "splitToneHighlights": [
        0.08927982300519943,
        0.9345220327377319,
        0.8182980418205261
    ],
    "splitToneShadows": [
        0.431501179933548,
        0.9656966924667358,
        0.9104024171829224
    ],
    "strobeSpeed": 0.0,
    "swirlStrength": 0.35942625999450684,
    "tempo": 5.0,
    "tempoLfoDepth": 1.3880000114440918,
    "tempoLfoPhase": 4.050118923187256,
    "tempoLfoSpeed": 2.940000057220459,
    "temporalAccumulation": 0.0,
    "temporalBlendStrength": 0.3779812455177307,
    "temporalBlur": 0.7732057571411133,
    "temporalInterpolation": 0.19742313027381897,
    "thresholdLevel": 0.07000000029802322,
    "trailStrength": 0.0,
    "tunnelCurvature": 0.0,
    "tunnelDepth": 0.21962037682533264,
    "unsharpMask": 0.5849765539169312,
    "upscaleEnabled": true,
    "uvWarpStrength": 0.1866946816444397,
    "version": 1,
    "vhsDistortion": 0.8814470171928406,
    "video2BlendMode": 4,
    "video2Mix": 0.492000013589859,
    "video2PlaybackRate": 1.0,
    "videoDecodeOversample": 1.0,
    "videoMix": 0.30799999833106995,
    "videoPlaybackRate": 0.7200000286102295,
    "zoomBlur": 0.6119346618652344,
    "zoomPulseAmount": 0.6478712558746338
}