{
    "aberrationAmount": 0.0007076486945152283,
    "activeMode": 14,
    "analogBloom": 1.123104214668274,
    "analogChromaticAberration": 0.1450958400964737,
    "analogMaskBalance": 0.003537603421136737,
    "analogNoise": 0.8423216342926025,
    "analogScanlineFocus": 0.17352060973644257,
    "animationSpeed": 1.0,
    "animationTargetSeconds": 1.0,
    "audioBassGain": 1.0,
    "audioBeatSync": 1.0,
    "audioBlurResponse": 2.0,
    "audioColorResponse": 2.0,
    "audioFeedbackResponse": 2.0,
    "audioGlitchResponse": 2.0,
    "audioHighGain": 4.0,
    "audioInputGain": 2.2300000190734863,
    "audioLfoRate": 4.0,
    "audioMidGain": 2.450000047683716,
    "audioReactiveDrive": 0.5,
    "audioWarpResponse": 2.0,
    "autoRandomizeColors": false,
    "autoScaleVideo": true,
    "bass": 0.07396747171878815,
    "bendAmount": 0.1635531485080719,
    "blendFeedbackMix": 1.0,
    "blendModeFeedback": 3,
    "blendModeProcedural": 1,
    "blendModeVideo": 4,
    "blendProceduralMix": 0.7161717414855957,
    "blendVideoMix": 1.0,
    "bloomIntensity": 0.49434006214141846,
    "bloomThreshold": 0.1875481903553009,
    "cameraPanX": -0.4099999964237213,
    "cameraPanY": -0.4300000071525574,
    "cameraRotation": 2.492037296295166,
    "cameraZoom": 0.9100000858306885,
    "casAmount": 0.9588034152984619,
    "colorBalance": [
        1.0,
        1.0,
        2.0
    ],
    "colorBlend": 0.4880000054836273,
    "colorLUTIndex": 3,
    "colorRandomizeElapsed": 0.8319130539894104,
    "colorRandomizeInterval": 1.0,
    "crtCurvature": 0.07646800577640533,
    "crtFishEye": 0.9719703197479248,
    "crtHorizontalCurvature": 0.4109073877334595,
    "crtMaskIntensity": 0.5283030271530151,
    "crtScanlineIntensity": 0.20930463075637817,
    "crtVignette": 0.7452782392501831,
    "directionalBlur": 0.13522501289844513,
    "directionalBlurAngle": 12.233147621154785,
    "displacementAmount": 0.18482191860675812,
    "edgeBlend": 0.5161653757095337,
    "edgeColor": [
        0.3878592550754547,
        0.1131276786327362,
        0.7461141347885132
    ],
    "edgeStrength": 0.2918696403503418,
    "edgeThreshold": 0.8774993419647217,
    "enableAnalog": true,
    "enableBlending": false,
    "enableBlurMotion": true,
    "enableCameraMovement": true,
    "enableColorGrading": true,
    "enableDistortion": true,
    "enableDualVideo": true,
    "enableEdgeDetect": false,
    "enableFXAA": false,
    "enableFeedback": false,
    "enableGlitch": false,
    "enableGrid": false,
    "enableInfrared": false,
    "enableInvert": false,
    "enableMirror": false,
    "enablePixelate": false,
    "enablePostAberration": false,
    "enablePostBend": false,
    "enablePostBloom": false,
    "enablePostColorBalance": false,
    "enablePostCrtCurvature": false,
    "enablePostFishEye": false,
    "enablePostGlitch": false,
    "enablePostGrain": false,
    "enablePostScanMask": false,
    "enablePostVignette": false,
    "enablePosterize": false,
    "enableRGBShift": false,
    "enableRandomJumpInterval": false,
    "enableRandomJumpInterval2": false,
    "enableRandomJumpInterval3": false,
    "enableRgbOverlay": false,
    "enableSharpen": true,
    "enableSlowZoom": false,
    "enableStrobe": false,
    "enableTempoLfo": true,
    "enableTemporal": true,
    "enableThreshold": false,
    "enableZoomPulse": false,
    "energy": 0.03728374093770981,
    "feedbackAmount": 0.2671830654144287,
    "feedbackDecay": 0.8564938902854919,
    "forcedFpsIndex": 4,
    "frameAccumulation": 0.6085082292556763,
    "fxaaQualityEdgeThreshold": 0.21833312511444092,
    "fxaaQualityEdgeThresholdMin": 0.021350882947444916,
    "fxaaQualitySubpix": 0.8645278215408325,
    "gaussianBlur": 0.3864735960960388,
    "glitchAmount": 0.8498108386993408,
    "glitchBufferCorruption": 0.3775118291378021,
    "glitchDatamosh": 0.03350090980529785,
    "glitchJitter": 0.8184792995452881,
    "glitchPixelSort": 0.1354854702949524,
    "glitchRGBSplit": 0.43219879269599915,
    "glitchScanlineBreak": 0.7760747671127319,
    "glitchTearing": 0.6287485361099243,
    "gradeBrightness": -0.11740166693925858,
    "gradeContrast": 1.1247260570526123,
    "gradeGamma": 1.1362754106521606,
    "gradeHueShift": -87.15065002441406,
    "gradeSaturation": 1.0995242595672607,
    "grainStrength": 0.048170305788517,
    "grayscaleAmount": 0.0,
    "gridColumns": 2,
    "gridCount": 4,
    "gridLineColor": [
        1.0,
        1.0,
        1.0
    ],
    "gridLineIntensity": 0.5,
    "gridLineWidth": 0.0020000000949949026,
    "gridMirrorCells": true,
    "gridMode": 2,
    "gridRows": 2,
    "gridShowLines": false,
    "high": 0.17570532858371735,
    "kaleidoSegments": 10.65000057220459,
    "localContrast": 0.5165374279022217,
    "lockColorBalance": true,
    "lockGrid": true,
    "lockThreshold": true,
    "loopBlendSeconds": 2.0,
    "masterBrightness": 2.0,
    "mid": 0.23471258580684662,
    "mirrorAmount": 0.6866352558135986,
    "motionBlur": 0.6579180955886841,
    "outputAspectRatio": 0,
    "pixelateAmount": 0.23735003173351288,
    "postEffectIntensity": 1.0,
    "postEffectMode": 0,
    "postEffectName": "",
    "postEffectRgbAdjust": [
        1.0,
        1.0,
        1.0
    ],
    "postEffectStrength": 1.0,
    "posterizeLevels": 15.886312484741211,
    "primaryColor": [
        0.8999999761581421,
        0.4000000059604645,
        0.10000000149011612,
        1.0
    ],
    "primaryColorTarget": [
        0.023464202880859375,
        0.9808623790740967,
        0.4787660241127014,
        1.0
    ],
    "randomJumpInterval": 5.0,
    "randomJumpInterval2": 5.0,
    "randomJumpInterval3": 5.0,
    "randomVideo2Start": false,
    "randomVideo3Start": false,
    "randomVideoStart": false,
    "recursiveBlend": 0.13417597115039825,
    "rgbOverlay": [
        0.1921568661928177,
        1.0,
        1.0
    ],
    "rgbShiftAmount": 0.0631745308637619,
    "rippleFrequency": 1.2984930276870728,
    "rippleStrength": 0.3065338134765625,
    "secondaryColor": [
        0.10000000149011612,
        0.5,
        0.800000011920929,
        1.0
    ],
    "secondaryColorTarget": [
        0.9808623790740967,
        0.023464202880859375,
        0.5255605578422546,
        1.0
    ],
    "selectedVideo2Asset": 0,
    "selectedVideo2Folder": "OVERLAYS",
    "selectedVideo3Asset": 0,
    "selectedVideo3Folder": "1080",
    "selectedVideoFolder": "INDUSTRIAL",
    "sharpenAmount": 0.0,
    "slowMotionFactor": 1.7165895700454712,
    "slowZoomAmount": 0.23999999463558197,
    "splitToneBalance": 0.3764749765396118,
    "splitToneHighlights": [
        0.35874009132385254,
        0.15724200010299683,
        0.815076470375061
    ],
    "splitToneShadows": [
        0.8921317458152771,
        0.7200658321380615,
        0.8732950091362
    ],
    "strobeSpeed": 10.40708065032959,
    "swirlStrength": 0.12806975841522217,
    "tempo": 0.01799779199063778,
    "tempoLfoDepth": 1.3880000114440918,
    "tempoLfoPhase": 5.067763328552246,
    "tempoLfoSpeed": 2.940000057220459,
    "temporalAccumulation": 0.6675400137901306,
    "temporalBlendStrength": 0.7189486026763916,
    "temporalBlur": 0.4624558091163635,
    "temporalInterpolation": 0.09043038636445999,
    "thresholdLevel": 0.07999999821186066,
    "trailStrength": 0.35788843035697937,
    "tunnelCurvature": -0.2321624755859375,
    "tunnelDepth": 0.2737067937850952,
    "unsharpMask": 0.10347048938274384,
    "upscaleEnabled": true,
    "uvWarpStrength": 0.33354392647743225,
    "version": 1,
    "vhsDistortion": 0.7133445143699646,
    "video2BlendMode": 0,
    "video2Mix": 0.5370000004768372,
    "video2PlaybackRate": 1.0,
    "video3BlendMode": 4,
    "video3Mix": 1.0,
    "video3PlaybackRate": 1.0,
    "videoDecodeOversample": 1.0,
    "videoMix": 0.0,
    "videoPlaybackRate": 1.0,
    "zoomBlur": 0.1651429533958435,
    "zoomPulseAmount": 0.3395023047924042
}