{
    "aberrationAmount": 0.019999999552965164,
    "activeMode": 8,
    "analogBloom": 0.30000001192092896,
    "analogChromaticAberration": 0.019999999552965164,
    "analogMaskBalance": 0.5,
    "analogNoise": 0.20000000298023224,
    "analogScanlineFocus": 0.5,
    "animationSpeed": 1.0,
    "animationTargetSeconds": 1.0,
    "audioBassGain": 1.0,
    "audioBeatSync": 1.0,
    "audioBlurResponse": 2.0,
    "audioColorResponse": 2.0,
    "audioFeedbackResponse": 2.0,
    "audioGlitchResponse": 2.0,
    "audioHighGain": 4.0,
    "audioInputGain": 3.0,
    "audioLfoRate": 4.0,
    "audioMidGain": 2.450000047683716,
    "audioReactiveDrive": 2.7100000381469727,
    "audioWarpResponse": 2.0,
    "autoRandomizeColors": false,
    "autoScaleVideo": true,
    "bass": 0.08466615527868271,
    "bendAmount": 0.0,
    "blendFeedbackMix": 0.5,
    "blendModeFeedback": 2,
    "blendModeProcedural": 0,
    "blendModeVideo": 1,
    "blendProceduralMix": 1.0,
    "blendVideoMix": 1.0,
    "bloomIntensity": 0.44999998807907104,
    "bloomThreshold": 0.699999988079071,
    "cameraPanX": -1.0,
    "cameraPanY": -1.0,
    "cameraRotation": -3.140000104904175,
    "cameraZoom": 1.2100001573562622,
    "casAmount": 0.7306623458862305,
    "colorBalance": [
        1.0,
        1.0,
        1.0
    ],
    "colorBlend": 0.4880000054836273,
    "colorLUTIndex": 0,
    "colorRandomizeElapsed": 0.8319130539894104,
    "colorRandomizeInterval": 1.0,
    "crtCurvature": 0.15000000596046448,
    "crtFishEye": 0.0,
    "crtHorizontalCurvature": 0.15000000596046448,
    "crtMaskIntensity": 0.3499999940395355,
    "crtScanlineIntensity": 0.3499999940395355,
    "crtVignette": 0.550000011920929,
    "directionalBlur": 0.0,
    "directionalBlurAngle": 0.0,
    "displacementAmount": 0.16439588367938995,
    "edgeBlend": 0.9380283951759338,
    "edgeColor": [
        0.9523723721504211,
        0.7712939977645874,
        0.7411450743675232
    ],
    "edgeStrength": 4.9897942543029785,
    "edgeThreshold": 0.06124205142259598,
    "enableAnalog": true,
    "enableBlending": false,
    "enableBlurMotion": false,
    "enableCameraMovement": false,
    "enableColorGrading": false,
    "enableDistortion": false,
    "enableDualVideo": true,
    "enableEdgeDetect": false,
    "enableFXAA": true,
    "enableFeedback": false,
    "enableGlitch": false,
    "enableGrid": false,
    "enableInfrared": false,
    "enableInvert": true,
    "enableMirror": true,
    "enablePixelate": false,
    "enablePostAberration": true,
    "enablePostBend": true,
    "enablePostBloom": true,
    "enablePostColorBalance": false,
    "enablePostCrtCurvature": false,
    "enablePostFishEye": true,
    "enablePostGlitch": false,
    "enablePostGrain": true,
    "enablePostScanMask": true,
    "enablePostVignette": false,
    "enablePosterize": true,
    "enableRGBShift": true,
    "enableRandomJumpInterval": false,
    "enableRandomJumpInterval2": false,
    "enableRgbOverlay": true,
    "enableSharpen": true,
    "enableSlowZoom": false,
    "enableStrobe": false,
    "enableTempoLfo": true,
    "enableTemporal": false,
    "enableThreshold": false,
    "enableZoomPulse": false,
    "energy": 0.03361232578754425,
    "feedbackAmount": 0.8320567011833191,
    "feedbackDecay": 0.2752128839492798,
    "forcedFpsIndex": 4,
    "frameAccumulation": 0.0,
    "fxaaQualityEdgeThreshold": 0.4444860517978668,
    "fxaaQualityEdgeThresholdMin": 0.1349688470363617,
    "fxaaQualitySubpix": 0.4080564081668854,
    "gaussianBlur": 0.0,
    "glitchAmount": 0.0,
    "glitchBufferCorruption": 0.0,
    "glitchDatamosh": 0.0,
    "glitchJitter": 0.0,
    "glitchPixelSort": 0.0,
    "glitchRGBSplit": 0.0,
    "glitchScanlineBreak": 0.0,
    "glitchTearing": 0.0,
    "gradeBrightness": 0.0,
    "gradeContrast": 1.0,
    "gradeGamma": 1.0,
    "gradeHueShift": 0.0,
    "gradeSaturation": 1.0,
    "grainStrength": 0.15000000596046448,
    "grayscaleAmount": 0.0,
    "gridColumns": 4,
    "gridCount": 4,
    "gridLineColor": [
        1.0,
        1.0,
        1.0
    ],
    "gridLineIntensity": 0.5,
    "gridLineWidth": 0.0020000000949949026,
    "gridMirrorCells": true,
    "gridMode": 2,
    "gridRows": 2,
    "gridShowLines": true,
    "high": 0.20167937874794006,
    "kaleidoSegments": 9.01469612121582,
    "localContrast": 0.5938029289245605,
    "lockColorBalance": true,
    "lockGrid": true,
    "lockThreshold": true,
    "loopBlendSeconds": 0.0,
    "masterBrightness": 2.0,
    "mid": 0.2390623539686203,
    "mirrorAmount": 0.493008017539978,
    "motionBlur": 0.0,
    "pixelateAmount": 0.0,
    "posterizeLevels": 15.434378623962402,
    "primaryColor": [
        0.43307098746299744,
        0.7283778190612793,
        0.26232457160949707,
        1.0
    ],
    "primaryColorTarget": [
        0.023464202880859375,
        0.9808623790740967,
        0.4787660241127014,
        1.0
    ],
    "randomJumpInterval": 5.0,
    "randomJumpInterval2": 5.0,
    "randomVideo2Start": false,
    "randomVideoStart": false,
    "recursiveBlend": 0.09923797100782394,
    "rgbOverlay": [
        0.07058823853731155,
        0.0,
        1.0
    ],
    "rgbShiftAmount": 0.0074128578417003155,
    "rippleFrequency": 3.8347175121307373,
    "rippleStrength": 0.16950391232967377,
    "secondaryColor": [
        0.5592669248580933,
        0.263960063457489,
        0.7300134897232056,
        1.0
    ],
    "secondaryColorTarget": [
        0.9808623790740967,
        0.023464202880859375,
        0.5255605578422546,
        1.0
    ],
    "selectedVideo2Asset": 0,
    "selectedVideo2Folder": "",
    "selectedVideoFolder": "",
    "sharpenAmount": 0.0,
    "slowMotionFactor": 1.0,
    "slowZoomAmount": 0.0,
    "splitToneBalance": 0.5,
    "splitToneHighlights": [
        1.0,
        1.0,
        1.0
    ],
    "splitToneShadows": [
        0.0,
        0.0,
        0.0
    ],
    "strobeSpeed": 0.0,
    "swirlStrength": 0.3392486572265625,
    "tempo": 0.08350013196468353,
    "tempoLfoDepth": 1.3880000114440918,
    "tempoLfoPhase": 3.3569493293762207,
    "tempoLfoSpeed": 2.940000057220459,
    "temporalAccumulation": 0.7567782998085022,
    "temporalBlendStrength": 0.0,
    "temporalBlur": 0.0,
    "temporalInterpolation": 0.0,
    "thresholdLevel": 0.2199999988079071,
    "trailStrength": 0.4545314908027649,
    "tunnelCurvature": 0.36882513761520386,
    "tunnelDepth": 0.21459250152111053,
    "unsharpMask": 0.5748423337936401,
    "upscaleEnabled": true,
    "uvWarpStrength": 0.23716561496257782,
    "version": 1,
    "vhsDistortion": 0.0,
    "video2BlendMode": 4,
    "video2Mix": 1.0,
    "video2PlaybackRate": 1.0,
    "videoDecodeOversample": 1.0,
    "videoMix": 0.9480000138282776,
    "videoPlaybackRate": 1.0,
    "zoomBlur": 0.0,
    "zoomPulseAmount": 0.6014581322669983
}