{
    "aberrationAmount": -0.022473201155662537,
    "activeMode": 40,
    "analogBloom": 0.878812849521637,
    "analogChromaticAberration": 0.07725957781076431,
    "analogMaskBalance": 0.4969688653945923,
    "analogNoise": 0.4160163104534149,
    "analogScanlineFocus": 0.39528515934944153,
    "animationSpeed": 1.0,
    "animationTargetSeconds": 1.0,
    "audioBassGain": 1.0,
    "audioBeatSync": 1.0,
    "audioBlurResponse": 2.0,
    "audioColorResponse": 2.0,
    "audioFeedbackResponse": 2.0,
    "audioGlitchResponse": 2.0,
    "audioHighGain": 4.0,
    "audioInputGain": 2.4600000381469727,
    "audioLfoRate": 4.0,
    "audioMidGain": 2.450000047683716,
    "audioReactiveDrive": 0.5,
    "audioWarpResponse": 2.0,
    "autoRandomizeColors": false,
    "autoScaleVideo": true,
    "bass": 0.28768742084503174,
    "bendAmount": 0.23415017127990723,
    "blendFeedbackMix": 1.0,
    "blendModeFeedback": 5,
    "blendModeProcedural": 3,
    "blendModeVideo": 1,
    "blendProceduralMix": 1.694624662399292,
    "blendVideoMix": 1.5875357389450073,
    "bloomIntensity": 0.44999998807907104,
    "bloomThreshold": 0.699999988079071,
    "cameraPanX": 1.0,
    "cameraPanY": 1.0,
    "cameraRotation": -2.569999933242798,
    "cameraZoom": 0.5,
    "casAmount": 0.6054720878601074,
    "colorBalance": [
        2.0,
        0.0,
        2.0
    ],
    "colorBlend": 0.4880000054836273,
    "colorLUTIndex": 5,
    "colorRandomizeElapsed": 0.8319130539894104,
    "colorRandomizeInterval": 1.0,
    "crtCurvature": 0.15000000596046448,
    "crtFishEye": 0.0,
    "crtHorizontalCurvature": 0.15000000596046448,
    "crtMaskIntensity": 0.8553990721702576,
    "crtScanlineIntensity": 0.8312613368034363,
    "crtVignette": 0.39735469222068787,
    "directionalBlur": 0.5856562256813049,
    "directionalBlurAngle": 351.9997253417969,
    "displacementAmount": 0.2920887768268585,
    "edgeBlend": 0.1342114955186844,
    "edgeColor": [
        0.8228889107704163,
        0.025387462228536606,
        0.32657793164253235
    ],
    "edgeStrength": 0.7769262194633484,
    "edgeThreshold": 0.6604203581809998,
    "enableAnalog": false,
    "enableBlending": true,
    "enableBlurMotion": true,
    "enableCameraMovement": false,
    "enableColorGrading": false,
    "enableDistortion": false,
    "enableDualVideo": true,
    "enableEdgeDetect": false,
    "enableFXAA": true,
    "enableFeedback": true,
    "enableGlitch": false,
    "enableGrid": true,
    "enableInfrared": false,
    "enableInvert": false,
    "enableMirror": true,
    "enablePixelate": false,
    "enablePostAberration": false,
    "enablePostBend": false,
    "enablePostBloom": false,
    "enablePostColorBalance": true,
    "enablePostCrtCurvature": true,
    "enablePostFishEye": true,
    "enablePostGlitch": true,
    "enablePostGrain": true,
    "enablePostScanMask": true,
    "enablePostVignette": true,
    "enablePosterize": true,
    "enableRGBShift": true,
    "enableRandomJumpInterval": false,
    "enableRandomJumpInterval2": false,
    "enableRgbOverlay": true,
    "enableSharpen": false,
    "enableSlowZoom": false,
    "enableStrobe": false,
    "enableTempoLfo": true,
    "enableTemporal": true,
    "enableThreshold": true,
    "enableZoomPulse": false,
    "energy": 0.5913024544715881,
    "feedbackAmount": 0.0,
    "feedbackDecay": 0.0,
    "forcedFpsIndex": 4,
    "frameAccumulation": 0.3362995982170105,
    "fxaaQualityEdgeThreshold": 0.3180094063282013,
    "fxaaQualityEdgeThresholdMin": 0.024333033710718155,
    "fxaaQualitySubpix": 0.010385454632341862,
    "gaussianBlur": 0.1972653567790985,
    "glitchAmount": 0.0,
    "glitchBufferCorruption": 0.024785589426755905,
    "glitchDatamosh": 0.8066917061805725,
    "glitchJitter": 0.8006330132484436,
    "glitchPixelSort": 0.8878618478775024,
    "glitchRGBSplit": 0.3464033901691437,
    "glitchScanlineBreak": 0.17196138203144073,
    "glitchTearing": 0.34790506958961487,
    "gradeBrightness": 0.14242888987064362,
    "gradeContrast": 1.2029962539672852,
    "gradeGamma": 1.226340413093567,
    "gradeHueShift": 49.11761474609375,
    "gradeSaturation": 0.716099202632904,
    "grainStrength": 0.4855245351791382,
    "grayscaleAmount": 0.0,
    "gridColumns": 4,
    "gridCount": 4,
    "gridLineColor": [
        1.0,
        1.0,
        1.0
    ],
    "gridLineIntensity": 0.5,
    "gridLineWidth": 0.0020000000949949026,
    "gridMirrorCells": true,
    "gridMode": 2,
    "gridRows": 2,
    "gridShowLines": false,
    "high": 0.17603889107704163,
    "kaleidoSegments": 6.768691539764404,
    "localContrast": 0.8961520195007324,
    "lockColorBalance": true,
    "lockGrid": true,
    "lockThreshold": true,
    "loopBlendSeconds": 0.0,
    "mid": 0.650736927986145,
    "mirrorAmount": 0.33629798889160156,
    "motionBlur": 0.011701218783855438,
    "pixelateAmount": 0.0,
    "posterizeLevels": 9.396366119384766,
    "primaryColor": [
        0.43307098746299744,
        0.7283778190612793,
        0.26232457160949707,
        1.0
    ],
    "primaryColorTarget": [
        0.023464202880859375,
        0.9808623790740967,
        0.4787660241127014,
        1.0
    ],
    "randomJumpInterval": 5.0,
    "randomJumpInterval2": 5.0,
    "randomVideo2Start": false,
    "randomVideoStart": false,
    "recursiveBlend": 0.0,
    "rgbOverlay": [
        1.0,
        0.6666666865348816,
        1.0
    ],
    "rgbShiftAmount": 0.05849714204668999,
    "rippleFrequency": 3.585272789001465,
    "rippleStrength": 0.20421020686626434,
    "secondaryColor": [
        0.5592669248580933,
        0.263960063457489,
        0.7300134897232056,
        1.0
    ],
    "secondaryColorTarget": [
        0.9808623790740967,
        0.023464202880859375,
        0.5255605578422546,
        1.0
    ],
    "selectedVideo2Asset": 0,
    "selectedVideo2Folder": "",
    "selectedVideoFolder": "",
    "sharpenAmount": 0.0,
    "slowMotionFactor": 2.0446128845214844,
    "slowZoomAmount": 0.0,
    "splitToneBalance": 0.49374619126319885,
    "splitToneHighlights": [
        0.12818756699562073,
        0.6866939067840576,
        0.5346579551696777
    ],
    "splitToneShadows": [
        0.01850935071706772,
        0.9669634699821472,
        0.2445428967475891
    ],
    "strobeSpeed": 0.0,
    "swirlStrength": -0.039053142070770264,
    "tempo": 1.1367226839065552,
    "tempoLfoDepth": 1.3880000114440918,
    "tempoLfoPhase": 5.860180854797363,
    "tempoLfoSpeed": 2.940000057220459,
    "temporalAccumulation": 0.0,
    "temporalBlendStrength": 0.7278769612312317,
    "temporalBlur": 0.31020358204841614,
    "temporalInterpolation": 0.47105565667152405,
    "thresholdLevel": 0.05000000074505806,
    "trailStrength": 0.0,
    "tunnelCurvature": 0.43103349208831787,
    "tunnelDepth": 0.4559656083583832,
    "unsharpMask": 0.5598052144050598,
    "upscaleEnabled": true,
    "uvWarpStrength": 0.17181940376758575,
    "version": 1,
    "vhsDistortion": 0.23550119996070862,
    "video2BlendMode": 4,
    "video2Mix": 1.0,
    "video2PlaybackRate": 1.0,
    "videoDecodeOversample": 1.0,
    "videoMix": 0.0,
    "videoPlaybackRate": 1.0,
    "zoomBlur": 0.9539159536361694,
    "zoomPulseAmount": 0.5541335344314575
}