{
    "aberrationAmount": 0.04416560009121895,
    "activeMode": 9,
    "analogBloom": 1.0,
    "analogChromaticAberration": 0.07807818800210953,
    "analogMaskBalance": 0.00957991648465395,
    "analogNoise": 0.6406382322311401,
    "analogScanlineFocus": 0.48663419485092163,
    "animationSpeed": 1.0,
    "animationTargetSeconds": 1.0,
    "audioBassGain": 1.0,
    "audioBeatSync": 1.0,
    "audioBlurResponse": 2.0,
    "audioColorResponse": 2.0,
    "audioFeedbackResponse": 2.0,
    "audioGlitchResponse": 2.0,
    "audioHighGain": 4.0,
    "audioInputGain": 3.0,
    "audioLfoRate": 4.0,
    "audioMidGain": 2.450000047683716,
    "audioReactiveDrive": 0.5,
    "audioWarpResponse": 2.0,
    "autoRandomizeColors": false,
    "autoScaleVideo": true,
    "bass": 0.11515412479639053,
    "bendAmount": 0.25377118587493896,
    "blendFeedbackMix": 1.0,
    "blendModeFeedback": 3,
    "blendModeProcedural": 5,
    "blendModeVideo": 0,
    "blendProceduralMix": 1.0,
    "blendVideoMix": 1.0,
    "bloomIntensity": 1.7435981035232544,
    "bloomThreshold": 0.8218830823898315,
    "cameraPanX": -0.5577292442321777,
    "cameraPanY": -0.9037076234817505,
    "cameraRotation": 2.492037296295166,
    "cameraZoom": 0.5512799620628357,
    "casAmount": 0.7717761397361755,
    "colorBalance": [
        1.0,
        1.0,
        2.0
    ],
    "colorBlend": 0.4880000054836273,
    "colorLUTIndex": 3,
    "colorRandomizeElapsed": 0.8319130539894104,
    "colorRandomizeInterval": 1.0,
    "crtCurvature": 0.13365454971790314,
    "crtFishEye": 0.1446782350540161,
    "crtHorizontalCurvature": 0.03868262842297554,
    "crtMaskIntensity": 0.5318607091903687,
    "crtScanlineIntensity": 0.09977077692747116,
    "crtVignette": 0.5,
    "directionalBlur": 0.5995375514030457,
    "directionalBlurAngle": 6.28000020980835,
    "displacementAmount": 0.2667330205440521,
    "edgeBlend": 0.5161653757095337,
    "edgeColor": [
        0.3878592550754547,
        0.1131276786327362,
        0.7461141347885132
    ],
    "edgeStrength": 0.2918696403503418,
    "edgeThreshold": 0.8774993419647217,
    "enableAnalog": true,
    "enableBlending": true,
    "enableBlurMotion": true,
    "enableCameraMovement": true,
    "enableColorGrading": true,
    "enableDistortion": true,
    "enableDualVideo": true,
    "enableEdgeDetect": true,
    "enableFXAA": true,
    "enableFeedback": false,
    "enableGlitch": false,
    "enableGrid": true,
    "enableInfrared": true,
    "enableInvert": true,
    "enableMirror": true,
    "enablePixelate": false,
    "enablePostAberration": true,
    "enablePostBend": false,
    "enablePostBloom": true,
    "enablePostColorBalance": true,
    "enablePostCrtCurvature": true,
    "enablePostFishEye": false,
    "enablePostGlitch": true,
    "enablePostGrain": true,
    "enablePostScanMask": true,
    "enablePostVignette": true,
    "enablePosterize": true,
    "enableRGBShift": true,
    "enableRandomJumpInterval": false,
    "enableRandomJumpInterval2": false,
    "enableRandomJumpInterval3": false,
    "enableRgbOverlay": true,
    "enableSharpen": true,
    "enableSlowZoom": true,
    "enableStrobe": true,
    "enableTempoLfo": true,
    "enableTemporal": true,
    "enableThreshold": false,
    "enableZoomPulse": true,
    "energy": 0.04783732816576958,
    "feedbackAmount": 0.3994375169277191,
    "feedbackDecay": 0.3131679892539978,
    "forcedFpsIndex": 4,
    "frameAccumulation": 0.21971209347248077,
    "fxaaQualityEdgeThreshold": 0.21833312511444092,
    "fxaaQualityEdgeThresholdMin": 0.021350882947444916,
    "fxaaQualitySubpix": 0.8645278215408325,
    "gaussianBlur": 0.9003081917762756,
    "glitchAmount": 0.3395460546016693,
    "glitchBufferCorruption": 0.3775118291378021,
    "glitchDatamosh": 0.03350090980529785,
    "glitchJitter": 0.8184792995452881,
    "glitchPixelSort": 0.1354854702949524,
    "glitchRGBSplit": 0.43219879269599915,
    "glitchScanlineBreak": 0.7760747671127319,
    "glitchTearing": 0.6287485361099243,
    "gradeBrightness": -0.07595782727003098,
    "gradeContrast": 1.235121250152588,
    "gradeGamma": 1.3947960138320923,
    "gradeHueShift": 0.0,
    "gradeSaturation": 1.3757330179214478,
    "grainStrength": 0.08287617564201355,
    "grayscaleAmount": 0.0,
    "gridColumns": 2,
    "gridCount": 4,
    "gridLineColor": [
        1.0,
        1.0,
        1.0
    ],
    "gridLineIntensity": 0.5,
    "gridLineWidth": 0.0020000000949949026,
    "gridMirrorCells": true,
    "gridMode": 2,
    "gridRows": 2,
    "gridShowLines": false,
    "high": 0.24563202261924744,
    "kaleidoSegments": 8.71759033203125,
    "localContrast": 0.03871601074934006,
    "lockColorBalance": true,
    "lockGrid": true,
    "lockThreshold": true,
    "loopBlendSeconds": 2.0,
    "masterBrightness": 2.0,
    "mid": 0.3163086175918579,
    "mirrorAmount": 0.6866352558135986,
    "motionBlur": 0.2585330009460449,
    "outputAspectRatio": 0,
    "pixelateAmount": 0.23735003173351288,
    "posterizeLevels": 15.886312484741211,
    "primaryColor": [
        0.43307098746299744,
        0.7283778190612793,
        0.26232457160949707,
        1.0
    ],
    "primaryColorTarget": [
        0.023464202880859375,
        0.9808623790740967,
        0.4787660241127014,
        1.0
    ],
    "randomJumpInterval": 5.0,
    "randomJumpInterval2": 5.0,
    "randomJumpInterval3": 5.0,
    "randomVideo2Start": false,
    "randomVideo3Start": false,
    "randomVideoStart": false,
    "recursiveBlend": 0.5766178369522095,
    "rgbOverlay": [
        0.1921568661928177,
        1.0,
        1.0
    ],
    "rgbShiftAmount": 0.0631745308637619,
    "rippleFrequency": 2.6503775119781494,
    "rippleStrength": 0.30626532435417175,
    "secondaryColor": [
        0.5592669248580933,
        0.263960063457489,
        0.7300134897232056,
        1.0
    ],
    "secondaryColorTarget": [
        0.9808623790740967,
        0.023464202880859375,
        0.5255605578422546,
        1.0
    ],
    "selectedVideo2Asset": 0,
    "selectedVideo2Folder": "OVERLAYS",
    "selectedVideo3Asset": 0,
    "selectedVideo3Folder": "1080",
    "selectedVideoFolder": "INDUSTRIAL",
    "sharpenAmount": 0.0,
    "slowMotionFactor": 1.2750821113586426,
    "slowZoomAmount": 0.23999999463558197,
    "splitToneBalance": 0.28476789593696594,
    "splitToneHighlights": [
        0.6758320331573486,
        0.24160313606262207,
        0.4109375476837158
    ],
    "splitToneShadows": [
        0.35960331559181213,
        0.011815469712018967,
        0.0034914843272417784
    ],
    "strobeSpeed": 10.40708065032959,
    "swirlStrength": 0.08087170124053955,
    "tempo": 0.02615714631974697,
    "tempoLfoDepth": 1.3880000114440918,
    "tempoLfoPhase": 2.882659435272217,
    "tempoLfoSpeed": 2.940000057220459,
    "temporalAccumulation": 0.9912670850753784,
    "temporalBlendStrength": 0.6333167552947998,
    "temporalBlur": 0.05598034709692001,
    "temporalInterpolation": 0.3116288185119629,
    "thresholdLevel": 0.3100000023841858,
    "trailStrength": 0.6317721009254456,
    "tunnelCurvature": 0.07440996170043945,
    "tunnelDepth": 0.033020973205566406,
    "unsharpMask": 0.7850265502929688,
    "upscaleEnabled": true,
    "uvWarpStrength": 0.03165491297841072,
    "version": 1,
    "vhsDistortion": 0.6323833465576172,
    "video2BlendMode": 0,
    "video2Mix": 0.5370000004768372,
    "video2PlaybackRate": 1.0,
    "video3BlendMode": 4,
    "video3Mix": 1.0,
    "video3PlaybackRate": 1.0,
    "videoDecodeOversample": 1.0,
    "videoMix": 1.0,
    "videoPlaybackRate": 1.0,
    "zoomBlur": 0.04923553764820099,
    "zoomPulseAmount": 0.3395023047924042
}