{
    "aberrationAmount": 0.019999999552965164,
    "activeMode": 0,
    "analogBloom": 0.30000001192092896,
    "analogChromaticAberration": 0.019999999552965164,
    "analogMaskBalance": 0.5,
    "analogNoise": 0.20000000298023224,
    "analogScanlineFocus": 0.5,
    "animationSpeed": 1.0,
    "animationTargetSeconds": 1.0,
    "audioBassGain": 1.2200000286102295,
    "audioBeatSync": 1.0,
    "audioBlurResponse": 2.0,
    "audioColorResponse": 2.0,
    "audioFeedbackResponse": 2.0,
    "audioGlitchResponse": 2.0,
    "audioHighGain": 3.4100000858306885,
    "audioInputGain": 0.8100000023841858,
    "audioLfoRate": 4.0,
    "audioMidGain": 1.600000023841858,
    "audioReactiveDrive": 0.9399999976158142,
    "audioWarpResponse": 2.0,
    "autoRandomizeColors": false,
    "autoScaleVideo": true,
    "bass": 0.2381710410118103,
    "bendAmount": 0.0,
    "blendFeedbackMix": 1.0,
    "blendModeFeedback": 5,
    "blendModeProcedural": 2,
    "blendModeVideo": 1,
    "blendProceduralMix": 1.0,
    "blendVideoMix": 1.0,
    "bloomIntensity": 0.44999998807907104,
    "bloomThreshold": 0.699999988079071,
    "cameraPanX": -0.8315352201461792,
    "cameraPanY": -0.6162959337234497,
    "cameraRotation": -1.7987782955169678,
    "cameraZoom": 1.4416179656982422,
    "casAmount": 0.0,
    "colorBalance": [
        1.0,
        1.0,
        1.0
    ],
    "colorBlend": 0.0,
    "colorLUTIndex": 0,
    "colorRandomizeElapsed": 0.8319130539894104,
    "colorRandomizeInterval": 0.10000000149011612,
    "crtCurvature": 0.15000000596046448,
    "crtFishEye": 0.0,
    "crtHorizontalCurvature": 0.15000000596046448,
    "crtMaskIntensity": 0.3499999940395355,
    "crtScanlineIntensity": 0.3499999940395355,
    "crtVignette": 0.550000011920929,
    "directionalBlur": 0.0,
    "directionalBlurAngle": 0.0,
    "displacementAmount": 0.0,
    "edgeBlend": 0.474942684173584,
    "edgeColor": [
        0.46821314096450806,
        0.49771687388420105,
        0.04442436620593071
    ],
    "edgeStrength": 0.2881292700767517,
    "edgeThreshold": 0.9954055547714233,
    "enableAnalog": false,
    "enableBlending": true,
    "enableBlurMotion": false,
    "enableCameraMovement": false,
    "enableColorGrading": true,
    "enableDistortion": false,
    "enableDualVideo": true,
    "enableEdgeDetect": false,
    "enableFXAA": true,
    "enableFeedback": false,
    "enableGlitch": false,
    "enableGrid": true,
    "enableInfrared": false,
    "enableInvert": false,
    "enableMirror": false,
    "enablePixelate": false,
    "enablePostAberration": false,
    "enablePostBend": false,
    "enablePostBloom": false,
    "enablePostColorBalance": false,
    "enablePostCrtCurvature": false,
    "enablePostFishEye": false,
    "enablePostGlitch": false,
    "enablePostGrain": false,
    "enablePostScanMask": false,
    "enablePostVignette": false,
    "enablePosterize": false,
    "enableRGBShift": false,
    "enableRandomJumpInterval": false,
    "enableRandomJumpInterval2": false,
    "enableRgbOverlay": false,
    "enableSharpen": false,
    "enableSlowZoom": false,
    "enableStrobe": false,
    "enableTempoLfo": true,
    "enableTemporal": false,
    "enableThreshold": false,
    "enableZoomPulse": false,
    "energy": 0.478806734085083,
    "feedbackAmount": 0.0,
    "feedbackDecay": 0.0,
    "forcedFpsIndex": 4,
    "frameAccumulation": 0.0,
    "fxaaQualityEdgeThreshold": 0.125,
    "fxaaQualityEdgeThresholdMin": 0.0625,
    "fxaaQualitySubpix": 0.75,
    "gaussianBlur": 0.0,
    "glitchAmount": 0.0,
    "glitchBufferCorruption": 0.0,
    "glitchDatamosh": 0.0,
    "glitchJitter": 0.0,
    "glitchPixelSort": 0.0,
    "glitchRGBSplit": 0.0,
    "glitchScanlineBreak": 0.0,
    "glitchTearing": 0.0,
    "gradeBrightness": 0.15000000596046448,
    "gradeContrast": 1.9299999475479126,
    "gradeGamma": 1.0,
    "gradeHueShift": 0.0,
    "gradeSaturation": 1.0,
    "grainStrength": 0.15000000596046448,
    "grayscaleAmount": 0.0,
    "gridColumns": 2,
    "gridCount": 4,
    "gridLineColor": [
        1.0,
        1.0,
        1.0
    ],
    "gridLineIntensity": 0.5,
    "gridLineWidth": 0.0020000000949949026,
    "gridMirrorCells": true,
    "gridMode": 2,
    "gridRows": 2,
    "gridShowLines": false,
    "high": 0.48103854060173035,
    "kaleidoSegments": 6.0,
    "localContrast": 0.0,
    "lockColorBalance": true,
    "lockGrid": true,
    "lockThreshold": true,
    "loopBlendSeconds": 0.0,
    "mid": 0.4274066984653473,
    "mirrorAmount": 0.7414498925209045,
    "motionBlur": 0.0,
    "pixelateAmount": 0.0,
    "posterizeLevels": 15.365565299987793,
    "primaryColor": [
        0.36944490671157837,
        0.778406023979187,
        0.3819562792778015,
        1.0
    ],
    "primaryColorTarget": [
        0.0,
        0.9511458873748779,
        1.0,
        1.0
    ],
    "randomJumpInterval": 5.0,
    "randomJumpInterval2": 5.0,
    "randomVideo2Start": false,
    "randomVideoStart": false,
    "recursiveBlend": 0.0,
    "rgbOverlay": [
        0.0,
        0.0,
        1.0
    ],
    "rgbShiftAmount": 0.07841291278600693,
    "rippleFrequency": 1.0,
    "rippleStrength": 0.0,
    "secondaryColor": [
        0.6318154335021973,
        0.22285433113574982,
        0.6193041205406189,
        1.0
    ],
    "secondaryColorTarget": [
        1.0,
        0.048854053020477295,
        0.0,
        1.0
    ],
    "selectedVideo2Asset": 0,
    "selectedVideo2Folder": "",
    "selectedVideoFolder": "",
    "sharpenAmount": 0.0,
    "slowMotionFactor": 1.0,
    "slowZoomAmount": 0.0,
    "splitToneBalance": 0.5,
    "splitToneHighlights": [
        1.0,
        1.0,
        1.0
    ],
    "splitToneShadows": [
        0.0,
        0.0,
        0.0
    ],
    "strobeSpeed": 0.0,
    "swirlStrength": 0.0,
    "tempo": 1.5571779012680054,
    "tempoLfoDepth": 1.3880000114440918,
    "tempoLfoPhase": 4.838819980621338,
    "tempoLfoSpeed": 2.940000057220459,
    "temporalAccumulation": 0.0,
    "temporalBlendStrength": 0.0,
    "temporalBlur": 0.0,
    "temporalInterpolation": 0.0,
    "thresholdLevel": 0.5,
    "trailStrength": 0.0,
    "tunnelCurvature": 0.0,
    "tunnelDepth": 0.0,
    "unsharpMask": 0.0,
    "upscaleEnabled": true,
    "uvWarpStrength": 0.0,
    "version": 1,
    "vhsDistortion": 0.0,
    "video2BlendMode": 4,
    "video2Mix": 1.0,
    "video2PlaybackRate": 1.0,
    "videoDecodeOversample": 1.0,
    "videoMix": 0.0,
    "videoPlaybackRate": 1.0,
    "zoomBlur": 0.0,
    "zoomPulseAmount": 0.7669615745544434
}