{
    "aberrationAmount": 0.019999999552965164,
    "activeMode": 5,
    "analogBloom": 0.30000001192092896,
    "analogChromaticAberration": 0.019999999552965164,
    "analogMaskBalance": 0.5,
    "analogNoise": 0.20000000298023224,
    "analogScanlineFocus": 0.5,
    "animationSpeed": 1.0,
    "animationTargetSeconds": 1.0,
    "audioBassGain": 0.9900000095367432,
    "audioBeatSync": 1.0,
    "audioBlurResponse": 2.0,
    "audioColorResponse": 2.0,
    "audioFeedbackResponse": 2.0,
    "audioGlitchResponse": 2.0,
    "audioHighGain": 1.0,
    "audioInputGain": 3.0,
    "audioLfoRate": 4.0,
    "audioMidGain": 0.9800000190734863,
    "audioReactiveDrive": 1.0499999523162842,
    "audioSmoothAmount": 0.0,
    "audioWarpResponse": 0.0,
    "autoRandomizeColors": false,
    "autoScaleVideo": true,
    "bass": 0.15272480249404907,
    "bendAmount": 0.0,
    "blendFeedbackMix": 0.5,
    "blendModeFeedback": 2,
    "blendModeProcedural": 0,
    "blendModeVideo": 1,
    "blendProceduralMix": 2.0,
    "blendVideoMix": 1.0,
    "bloomIntensity": 0.07999999821186066,
    "bloomThreshold": 0.8899999856948853,
    "cameraPanX": 0.1599999964237213,
    "cameraPanY": 0.33000001311302185,
    "cameraRotation": -3.140000104904175,
    "cameraZoom": 0.009999999776482582,
    "casAmount": 0.0,
    "colorBalance": [
        1.0,
        1.0,
        1.0
    ],
    "colorBlend": 1.0,
    "colorLUTIndex": 0,
    "colorRandomizeElapsed": 0.8319130539894104,
    "colorRandomizeInterval": 1.0,
    "crtCurvature": 0.15000000596046448,
    "crtFishEye": 0.0,
    "crtHorizontalCurvature": 0.15000000596046448,
    "crtMaskIntensity": 0.3499999940395355,
    "crtScanlineIntensity": 0.3499999940395355,
    "crtVignette": 0.550000011920929,
    "directionalBlur": 0.0,
    "directionalBlurAngle": 0.0,
    "displacementAmount": 0.0,
    "edgeBlend": 0.8752928972244263,
    "edgeColor": [
        0.45473507046699524,
        0.7590671181678772,
        0.48606956005096436
    ],
    "edgeStrength": 0.5922970771789551,
    "edgeThreshold": 0.9830076694488525,
    "enableAnalog": false,
    "enableBlending": false,
    "enableBlurMotion": false,
    "enableCameraMovement": true,
    "enableColorGrading": false,
    "enableDistortion": false,
    "enableDualVideo": true,
    "enableEdgeDetect": false,
    "enableFXAA": false,
    "enableFeedback": false,
    "enableGlitch": false,
    "enableGrid": false,
    "enableInfrared": false,
    "enableInvert": false,
    "enableMirror": false,
    "enablePixelate": true,
    "enablePostAberration": false,
    "enablePostBend": false,
    "enablePostBloom": false,
    "enablePostColorBalance": false,
    "enablePostCrtCurvature": false,
    "enablePostFishEye": false,
    "enablePostGlitch": false,
    "enablePostGrain": false,
    "enablePostScanMask": false,
    "enablePostVignette": false,
    "enablePosterize": false,
    "enableRGBShift": false,
    "enableRandomJumpInterval": false,
    "enableRandomJumpInterval2": false,
    "enableRandomJumpInterval3": false,
    "enableRgbOverlay": false,
    "enableSharpen": false,
    "enableSlowZoom": false,
    "enableStrobe": false,
    "enableTempoLfo": true,
    "enableTemporal": false,
    "enableThreshold": true,
    "enableZoomPulse": false,
    "energy": 0.049057092517614365,
    "feedbackAmount": 0.0,
    "feedbackDecay": 0.0,
    "forcedFpsIndex": 2,
    "frameAccumulation": 0.0,
    "fxaaQualityEdgeThreshold": 0.125,
    "fxaaQualityEdgeThresholdMin": 0.0625,
    "fxaaQualitySubpix": 0.75,
    "gaussianBlur": 0.0,
    "glitchAmount": 0.0,
    "glitchBufferCorruption": 0.0,
    "glitchDatamosh": 0.0,
    "glitchJitter": 0.0,
    "glitchPixelSort": 0.0,
    "glitchRGBSplit": 0.0,
    "glitchScanlineBreak": 0.0,
    "glitchTearing": 0.0,
    "gradeBrightness": 0.0,
    "gradeContrast": 0.9900000095367432,
    "gradeGamma": 1.0,
    "gradeHueShift": 0.0,
    "gradeSaturation": 1.0,
    "grainStrength": 0.15000000596046448,
    "grayscaleAmount": 0.0,
    "gridColumns": 2,
    "gridCount": 4,
    "gridLineColor": [
        1.0,
        1.0,
        1.0
    ],
    "gridLineIntensity": 0.5,
    "gridLineWidth": 0.0020000000949949026,
    "gridMirrorCells": true,
    "gridMode": 2,
    "gridRows": 2,
    "gridShowLines": false,
    "high": 0.050815679132938385,
    "kaleidoSegments": 6.0,
    "localContrast": 0.0,
    "lockColorBalance": true,
    "lockGrid": true,
    "lockThreshold": true,
    "loopBlendSeconds": 2.0,
    "masterBrightness": 2.0,
    "mid": 0.1346256285905838,
    "mirrorAmount": 0.04769616946578026,
    "motionBlur": 0.0,
    "outputAspectRatio": 3,
    "pixelateAmount": 0.0,
    "postEffectIntensity": 1.0,
    "postEffectMode": 0,
    "postEffectName": "effect_pixel_sort_threshold",
    "postEffectRgbAdjust": [
        1.0,
        1.0,
        1.0
    ],
    "postEffectStrength": 1.0,
    "posterizeLevels": 9.23440933227539,
    "primaryColor": [
        0.9764803647994995,
        0.2553532123565674,
        0.6280626058578491,
        1.0
    ],
    "primaryColorTarget": [
        0.9764803647994995,
        0.2553532123565674,
        0.6280626058578491,
        1.0
    ],
    "randomJumpInterval": 5.0,
    "randomJumpInterval2": 5.0,
    "randomJumpInterval3": 5.0,
    "randomVideo2Start": false,
    "randomVideo3Start": false,
    "randomVideoStart": false,
    "recursiveBlend": 0.0,
    "rgbOverlay": [
        1.0,
        0.0,
        0.0
    ],
    "rgbShiftAmount": 0.04777003452181816,
    "rippleFrequency": 1.0,
    "rippleStrength": 0.0,
    "secondaryColor": [
        0.2553532123565674,
        0.9764803647994995,
        0.6037710905075073,
        1.0
    ],
    "secondaryColorTarget": [
        0.2553532123565674,
        0.9764803647994995,
        0.6037710905075073,
        1.0
    ],
    "selectedVideo2Asset": 0,
    "selectedVideo2Folder": "1080",
    "selectedVideo3Asset": 0,
    "selectedVideo3Folder": "TUNELES",
    "selectedVideoFolder": "CHILL",
    "sharpenAmount": 0.0,
    "slowMotionFactor": 1.0,
    "slowZoomAmount": 0.0,
    "splitToneBalance": 0.5,
    "splitToneHighlights": [
        1.0,
        1.0,
        1.0
    ],
    "splitToneShadows": [
        0.0,
        0.0,
        0.0
    ],
    "strobeSpeed": 0.0,
    "swirlStrength": 0.0,
    "tempo": 1.0,
    "tempoLfoDepth": 1.0119999647140503,
    "tempoLfoPhase": 0.1980142593383789,
    "tempoLfoSpeed": 2.0299999713897705,
    "temporalAccumulation": 0.0,
    "temporalBlendStrength": 0.0,
    "temporalBlur": 0.0,
    "temporalInterpolation": 0.0,
    "thresholdLevel": 0.0,
    "trailStrength": 0.0,
    "tunnelCurvature": 0.0,
    "tunnelDepth": 0.0,
    "unsharpMask": 0.0,
    "upscaleEnabled": true,
    "uvWarpStrength": 0.0,
    "version": 1,
    "vhsDistortion": 0.0,
    "video2BlendMode": 0,
    "video2Mix": 0.0,
    "video2PlaybackRate": 1.0,
    "video3BlendMode": 0,
    "video3Mix": 1.0,
    "video3PlaybackRate": 1.0,
    "videoDecodeOversample": 1.100000023841858,
    "videoMix": 1.0,
    "videoPlaybackRate": 1.0,
    "zoomBlur": 0.0,
    "zoomPulseAmount": 0.4099999964237213
}