{
    "aberrationAmount": 0.0,
    "activeMode": 0,
    "analogBloom": 0.03373492509126663,
    "analogChromaticAberration": 0.10000000149011612,
    "analogMaskBalance": 0.9020958542823792,
    "analogNoise": 0.9047568440437317,
    "analogScanlineFocus": 0.18886350095272064,
    "animationSpeed": 1.0,
    "animationTargetSeconds": 1.0,
    "audioBassGain": 1.0,
    "audioBeatSync": 1.0,
    "audioBlurResponse": 2.0,
    "audioColorResponse": 2.0,
    "audioFeedbackResponse": 2.0,
    "audioGlitchResponse": 2.0,
    "audioHighGain": 4.0,
    "audioInputGain": 2.4600000381469727,
    "audioLfoRate": 4.0,
    "audioMidGain": 2.450000047683716,
    "audioReactiveDrive": 0.5,
    "audioWarpResponse": 2.0,
    "autoRandomizeColors": false,
    "autoScaleVideo": true,
    "bass": 0.42548874020576477,
    "bendAmount": 0.38713666796684265,
    "blendFeedbackMix": 1.0,
    "blendModeFeedback": 5,
    "blendModeProcedural": 4,
    "blendModeVideo": 5,
    "blendProceduralMix": 1.0,
    "blendVideoMix": 1.0,
    "bloomIntensity": 1.5942984819412231,
    "bloomThreshold": 0.8668383359909058,
    "cameraPanX": 1.0,
    "cameraPanY": 1.0,
    "cameraRotation": -2.569999933242798,
    "cameraZoom": 0.5,
    "casAmount": 0.8694206476211548,
    "colorBalance": [
        0.0,
        0.8709999918937683,
        2.0
    ],
    "colorBlend": 0.4880000054836273,
    "colorLUTIndex": 5,
    "colorRandomizeElapsed": 0.8319130539894104,
    "colorRandomizeInterval": 1.0,
    "crtCurvature": 0.49139416217803955,
    "crtFishEye": 0.6753323078155518,
    "crtHorizontalCurvature": 0.09743378311395645,
    "crtMaskIntensity": 0.22530008852481842,
    "crtScanlineIntensity": 0.07123897969722748,
    "crtVignette": 0.8945298194885254,
    "directionalBlur": 0.919804036617279,
    "directionalBlurAngle": 6.28000020980835,
    "displacementAmount": 0.24509595334529877,
    "edgeBlend": 0.1342114955186844,
    "edgeColor": [
        0.8228889107704163,
        0.025387462228536606,
        0.32657793164253235
    ],
    "edgeStrength": 0.7769262194633484,
    "edgeThreshold": 0.6604203581809998,
    "enableAnalog": true,
    "enableBlending": true,
    "enableBlurMotion": false,
    "enableCameraMovement": true,
    "enableColorGrading": false,
    "enableDistortion": true,
    "enableDualVideo": true,
    "enableEdgeDetect": true,
    "enableFXAA": true,
    "enableFeedback": true,
    "enableGlitch": false,
    "enableGrid": true,
    "enableInfrared": false,
    "enableInvert": false,
    "enableMirror": false,
    "enablePixelate": false,
    "enablePostAberration": true,
    "enablePostBend": false,
    "enablePostBloom": true,
    "enablePostColorBalance": true,
    "enablePostCrtCurvature": false,
    "enablePostFishEye": false,
    "enablePostGlitch": true,
    "enablePostGrain": false,
    "enablePostScanMask": true,
    "enablePostVignette": false,
    "enablePosterize": true,
    "enableRGBShift": false,
    "enableRandomJumpInterval": false,
    "enableRandomJumpInterval2": false,
    "enableRgbOverlay": true,
    "enableSharpen": true,
    "enableSlowZoom": true,
    "enableStrobe": true,
    "enableTempoLfo": true,
    "enableTemporal": true,
    "enableThreshold": false,
    "enableZoomPulse": true,
    "energy": 0.5279269814491272,
    "feedbackAmount": 0.0,
    "feedbackDecay": 0.0,
    "forcedFpsIndex": 4,
    "frameAccumulation": 0.9670518040657043,
    "fxaaQualityEdgeThreshold": 0.3180094063282013,
    "fxaaQualityEdgeThresholdMin": 0.024333033710718155,
    "fxaaQualitySubpix": 0.010385454632341862,
    "gaussianBlur": 0.2729629874229431,
    "glitchAmount": 0.710652232170105,
    "glitchBufferCorruption": 0.31728634238243103,
    "glitchDatamosh": 0.38856151700019836,
    "glitchJitter": 0.09773968905210495,
    "glitchPixelSort": 0.8058066964149475,
    "glitchRGBSplit": 0.3721449375152588,
    "glitchScanlineBreak": 0.7439821362495422,
    "glitchTearing": 0.6124060153961182,
    "gradeBrightness": 0.004003673791885376,
    "gradeContrast": 2.0,
    "gradeGamma": 1.1023136377334595,
    "gradeHueShift": 0.0,
    "gradeSaturation": 0.6280849575996399,
    "grainStrength": 0.4957883358001709,
    "grayscaleAmount": 0.0,
    "gridColumns": 4,
    "gridCount": 4,
    "gridLineColor": [
        1.0,
        1.0,
        1.0
    ],
    "gridLineIntensity": 0.5,
    "gridLineWidth": 0.0020000000949949026,
    "gridMirrorCells": true,
    "gridMode": 2,
    "gridRows": 2,
    "gridShowLines": false,
    "high": 0.4547712802886963,
    "kaleidoSegments": 10.183635711669922,
    "localContrast": 0.3962658941745758,
    "lockColorBalance": true,
    "lockGrid": true,
    "lockThreshold": true,
    "loopBlendSeconds": 0.0,
    "mid": 1.0,
    "mirrorAmount": 0.33629798889160156,
    "motionBlur": 0.051050715148448944,
    "pixelateAmount": 0.0,
    "posterizeLevels": 9.396366119384766,
    "primaryColor": [
        0.43307098746299744,
        0.7283778190612793,
        0.26232457160949707,
        1.0
    ],
    "primaryColorTarget": [
        0.023464202880859375,
        0.9808623790740967,
        0.4787660241127014,
        1.0
    ],
    "randomJumpInterval": 5.0,
    "randomJumpInterval2": 5.0,
    "randomVideo2Start": false,
    "randomVideoStart": false,
    "recursiveBlend": 0.0,
    "rgbOverlay": [
        1.0,
        0.6666666865348816,
        1.0
    ],
    "rgbShiftAmount": 0.05849714204668999,
    "rippleFrequency": 4.79646110534668,
    "rippleStrength": 0.4216132164001465,
    "secondaryColor": [
        0.5592669248580933,
        0.263960063457489,
        0.7300134897232056,
        1.0
    ],
    "secondaryColorTarget": [
        0.9808623790740967,
        0.023464202880859375,
        0.5255605578422546,
        1.0
    ],
    "selectedVideo2Asset": 0,
    "selectedVideo2Folder": "",
    "selectedVideoFolder": "",
    "sharpenAmount": 0.0,
    "slowMotionFactor": 1.1639301776885986,
    "slowZoomAmount": 0.0,
    "splitToneBalance": 0.3261702358722687,
    "splitToneHighlights": [
        0.19412237405776978,
        0.16921928524971008,
        0.8004863262176514
    ],
    "splitToneShadows": [
        0.9164998531341553,
        0.7714117169380188,
        0.2638416588306427
    ],
    "strobeSpeed": 0.0,
    "swirlStrength": 0.0,
    "tempo": 0.9589606523513794,
    "tempoLfoDepth": 1.3880000114440918,
    "tempoLfoPhase": 0.4218960702419281,
    "tempoLfoSpeed": 2.940000057220459,
    "temporalAccumulation": 0.0,
    "temporalBlendStrength": 0.827113926410675,
    "temporalBlur": 0.788718581199646,
    "temporalInterpolation": 0.5743016004562378,
    "thresholdLevel": 0.1899999976158142,
    "trailStrength": 0.0,
    "tunnelCurvature": 0.15617024898529053,
    "tunnelDepth": 0.4864805042743683,
    "unsharpMask": 0.15172483026981354,
    "upscaleEnabled": true,
    "uvWarpStrength": 0.30544906854629517,
    "version": 1,
    "vhsDistortion": 0.9361105561256409,
    "video2BlendMode": 4,
    "video2Mix": 1.0,
    "video2PlaybackRate": 1.0,
    "videoDecodeOversample": 1.0,
    "videoMix": 0.0,
    "videoPlaybackRate": 1.0,
    "zoomBlur": 0.377173513174057,
    "zoomPulseAmount": 0.5541335344314575
}