{
    "aberrationAmount": -0.043432775884866714,
    "activeMode": 40,
    "analogBloom": 1.038967251777649,
    "analogChromaticAberration": 0.18098683655261993,
    "analogMaskBalance": 0.2977162301540375,
    "analogNoise": 0.44800737500190735,
    "analogScanlineFocus": 0.7907664179801941,
    "animationSpeed": 1.0,
    "animationTargetSeconds": 1.0,
    "audioBassGain": 1.0,
    "audioBeatSync": 3.2211456298828125,
    "audioBlurResponse": 1.6441102027893066,
    "audioColorResponse": 0.3845601975917816,
    "audioFeedbackResponse": 0.4618811011314392,
    "audioGlitchResponse": 1.2620805501937866,
    "audioHighGain": 1.0,
    "audioInputGain": 1.409999966621399,
    "audioLfoRate": 1.9258558750152588,
    "audioMidGain": 1.0,
    "audioReactiveDrive": 1.0,
    "audioWarpResponse": 0.9981340169906616,
    "autoRandomizeColors": false,
    "autoScaleVideo": true,
    "bass": 0.6435722708702087,
    "bendAmount": 0.11169464886188507,
    "blendFeedbackMix": 0.5,
    "blendModeFeedback": 2,
    "blendModeProcedural": 0,
    "blendModeVideo": 3,
    "blendProceduralMix": 0.856669008731842,
    "blendVideoMix": 0.31755876541137695,
    "bloomIntensity": 1.5581490993499756,
    "bloomThreshold": 0.7046682238578796,
    "cameraPanX": -0.03999999910593033,
    "cameraPanY": -0.49000000953674316,
    "cameraRotation": -0.05999999865889549,
    "cameraZoom": 0.5,
    "casAmount": 0.031805023550987244,
    "colorBalance": [
        1.0,
        1.0,
        1.0
    ],
    "colorBlend": 0.4880000054836273,
    "colorLUTIndex": 4,
    "colorRandomizeElapsed": 0.8319130539894104,
    "colorRandomizeInterval": 1.0,
    "crtCurvature": 0.6000000238418579,
    "crtFishEye": -0.5699999928474426,
    "crtHorizontalCurvature": 0.6000000238418579,
    "crtMaskIntensity": 0.14755024015903473,
    "crtScanlineIntensity": 0.060504455119371414,
    "crtVignette": 0.34063804149627686,
    "directionalBlur": 0.22789812088012695,
    "directionalBlurAngle": 246.75709533691406,
    "displacementAmount": 0.0,
    "edgeBlend": 0.8146974444389343,
    "edgeColor": [
        0.9016865491867065,
        0.559274435043335,
        0.5190650224685669
    ],
    "edgeStrength": 1.5396783351898193,
    "edgeThreshold": 0.5815779566764832,
    "enableAnalog": true,
    "enableAudioReactive": true,
    "enableBlending": false,
    "enableBlurMotion": true,
    "enableCameraMovement": false,
    "enableColorGrading": true,
    "enableDistortion": true,
    "enableDualVideo": true,
    "enableEdgeDetect": true,
    "enableFXAA": true,
    "enableFeedback": true,
    "enableGlitch": false,
    "enableGrid": true,
    "enableInfrared": true,
    "enableInvert": true,
    "enableMirror": true,
    "enablePixelate": false,
    "enablePostAberration": true,
    "enablePostBend": true,
    "enablePostBloom": true,
    "enablePostColorBalance": true,
    "enablePostCrtCurvature": true,
    "enablePostFishEye": true,
    "enablePostGlitch": true,
    "enablePostGrain": true,
    "enablePostScanMask": true,
    "enablePostVignette": false,
    "enablePosterize": true,
    "enableRGBShift": true,
    "enableRandomJumpInterval": false,
    "enableRandomJumpInterval2": false,
    "enableRgbOverlay": true,
    "enableSharpen": false,
    "enableSlowZoom": true,
    "enableStrobe": true,
    "enableTempoLfo": true,
    "enableTemporal": true,
    "enableThreshold": true,
    "enableZoomPulse": true,
    "energy": 0.8558812141418457,
    "feedbackAmount": 0.0,
    "feedbackDecay": 0.0,
    "forcedFpsIndex": 4,
    "frameAccumulation": 0.9932649731636047,
    "fxaaQualityEdgeThreshold": 0.07073407620191574,
    "fxaaQualityEdgeThresholdMin": 0.156721293926239,
    "fxaaQualitySubpix": 0.3934929370880127,
    "gaussianBlur": 0.4228981137275696,
    "glitchAmount": 0.26916220784187317,
    "glitchBufferCorruption": 0.490212619304657,
    "glitchDatamosh": 0.1993359923362732,
    "glitchJitter": 0.8810240030288696,
    "glitchPixelSort": 0.7369946837425232,
    "glitchRGBSplit": 0.025870468467473984,
    "glitchScanlineBreak": 0.7240686416625977,
    "glitchTearing": 0.19672033190727234,
    "gradeBrightness": -0.15223020315170288,
    "gradeContrast": 1.3471734523773193,
    "gradeGamma": 1.1950913667678833,
    "gradeHueShift": 35.10639190673828,
    "gradeSaturation": 1.4541022777557373,
    "grainStrength": 0.3660983145236969,
    "grayscaleAmount": 0.0,
    "gridColumns": 2,
    "gridCount": 4,
    "gridLineColor": [
        1.0,
        1.0,
        1.0
    ],
    "gridLineIntensity": 0.5,
    "gridLineWidth": 0.0020000000949949026,
    "gridMirrorCells": true,
    "gridMode": 2,
    "gridRows": 2,
    "gridShowLines": false,
    "high": 0.15301668643951416,
    "kaleidoSegments": 5.0,
    "localContrast": 0.983250617980957,
    "lockColorBalance": true,
    "lockGrid": true,
    "lockThreshold": true,
    "loopBlendSeconds": 0.0,
    "mid": 0.38213032484054565,
    "mirrorAmount": 0.46045348048210144,
    "motionBlur": 0.13282398879528046,
    "pixelateAmount": 0.4410797655582428,
    "posterizeLevels": 2.95942759513855,
    "primaryColor": [
        0.5641359686851501,
        0.2120876908302307,
        0.8277129530906677,
        1.0
    ],
    "primaryColorTarget": [
        0.6598120331764221,
        0.06906896829605103,
        0.9287859797477722,
        1.0
    ],
    "randomJumpInterval": 5.0,
    "randomJumpInterval2": 5.0,
    "randomVideo2Start": false,
    "randomVideoStart": false,
    "recursiveBlend": 0.0,
    "rgbOverlay": [
        1.0,
        0.6666666865348816,
        1.0
    ],
    "rgbShiftAmount": 0.05298100784420967,
    "rippleFrequency": 3.0999999046325684,
    "rippleStrength": 0.29899999499320984,
    "secondaryColor": [
        0.43289148807525635,
        0.7849398851394653,
        0.16931448876857758,
        1.0
    ],
    "secondaryColorTarget": [
        0.3380427062511444,
        0.9287859797477722,
        0.06906896829605103,
        1.0
    ],
    "selectedVideo2Asset": 0,
    "selectedVideo2Folder": "1080 1",
    "selectedVideoFolder": "1080 1",
    "sharpenAmount": 0.0,
    "slowMotionFactor": 1.1471716165542603,
    "slowZoomAmount": 0.7247845530509949,
    "splitToneBalance": 0.46965789794921875,
    "splitToneHighlights": [
        0.9269949197769165,
        0.6461334824562073,
        0.7059144377708435
    ],
    "splitToneShadows": [
        0.6549307107925415,
        0.20740969479084015,
        0.7342545390129089
    ],
    "strobeSpeed": 9.581440925598145,
    "swirlStrength": 0.5,
    "tempo": 4.0,
    "tempoLfoDepth": 1.0269999504089355,
    "tempoLfoPhase": 4.9313740730285645,
    "tempoLfoSpeed": 4.0,
    "temporalAccumulation": 0.0,
    "temporalBlendStrength": 0.3803604543209076,
    "temporalBlur": 0.09212848544120789,
    "temporalInterpolation": 0.0804159939289093,
    "thresholdLevel": 0.36000001430511475,
    "trailStrength": 0.0,
    "tunnelCurvature": -0.012000000104308128,
    "tunnelDepth": 0.0,
    "unsharpMask": 0.9954573512077332,
    "upscaleEnabled": true,
    "uvWarpStrength": 0.18299999833106995,
    "version": 1,
    "vhsDistortion": 0.19035527110099792,
    "video2BlendMode": 1,
    "video2Mix": 1.0,
    "video2PlaybackRate": 1.0,
    "videoDecodeOversample": 1.0,
    "videoMix": 0.0,
    "videoPlaybackRate": 1.0,
    "zoomBlur": 0.9355025887489319,
    "zoomPulseAmount": 0.2063610851764679
}