{
    "aberrationAmount": 0.011036477982997894,
    "activeMode": 10,
    "analogBloom": 0.30000001192092896,
    "analogChromaticAberration": 0.019999999552965164,
    "analogMaskBalance": 0.5,
    "analogNoise": 0.20000000298023224,
    "analogScanlineFocus": 0.5,
    "animationSpeed": 1.0,
    "animationTargetSeconds": 1.0,
    "audioBassGain": 1.0,
    "audioBeatSync": 1.0,
    "audioBlurResponse": 2.0,
    "audioColorResponse": 2.0,
    "audioFeedbackResponse": 2.0,
    "audioGlitchResponse": 2.0,
    "audioHighGain": 4.0,
    "audioInputGain": 0.10000000149011612,
    "audioLfoRate": 4.0,
    "audioMidGain": 2.450000047683716,
    "audioReactiveDrive": 3.0,
    "audioWarpResponse": 2.0,
    "autoRandomizeColors": false,
    "autoScaleVideo": true,
    "bass": 0.003517458215355873,
    "bendAmount": 0.32588231563568115,
    "blendFeedbackMix": 0.5,
    "blendModeFeedback": 2,
    "blendModeProcedural": 4,
    "blendModeVideo": 1,
    "blendProceduralMix": 1.0,
    "blendVideoMix": 1.0,
    "bloomIntensity": 0.9640814661979675,
    "bloomThreshold": 0.44486087560653687,
    "cameraPanX": 0.5390321016311646,
    "cameraPanY": -0.046740055084228516,
    "cameraRotation": -3.1156013011932373,
    "cameraZoom": 2.620000123977661,
    "casAmount": 0.0,
    "colorBalance": [
        1.0,
        1.0,
        2.0
    ],
    "colorBlend": 0.7279999852180481,
    "colorLUTIndex": 0,
    "colorRandomizeElapsed": 0.8319130539894104,
    "colorRandomizeInterval": 1.0,
    "crtCurvature": 0.1398259997367859,
    "crtFishEye": 0.10397076606750488,
    "crtHorizontalCurvature": 0.4558704197406769,
    "crtMaskIntensity": 0.05770794674754143,
    "crtScanlineIntensity": 0.5617803335189819,
    "crtVignette": 0.7720524668693542,
    "directionalBlur": 0.0,
    "directionalBlurAngle": 0.0,
    "displacementAmount": 0.0,
    "edgeBlend": 0.8752928972244263,
    "edgeColor": [
        0.45473507046699524,
        0.7590671181678772,
        0.48606956005096436
    ],
    "edgeStrength": 0.5922970771789551,
    "edgeThreshold": 0.9830076694488525,
    "enableAnalog": false,
    "enableBlending": false,
    "enableBlurMotion": false,
    "enableCameraMovement": false,
    "enableColorGrading": false,
    "enableDistortion": false,
    "enableDualVideo": true,
    "enableEdgeDetect": false,
    "enableFXAA": false,
    "enableFeedback": false,
    "enableGlitch": false,
    "enableGrid": false,
    "enableInfrared": false,
    "enableInvert": false,
    "enableMirror": false,
    "enablePixelate": false,
    "enablePostAberration": false,
    "enablePostBend": false,
    "enablePostBloom": false,
    "enablePostColorBalance": false,
    "enablePostCrtCurvature": false,
    "enablePostFishEye": false,
    "enablePostGlitch": false,
    "enablePostGrain": false,
    "enablePostScanMask": false,
    "enablePostVignette": false,
    "enablePosterize": false,
    "enableRGBShift": false,
    "enableRandomJumpInterval": false,
    "enableRandomJumpInterval2": false,
    "enableRandomJumpInterval3": false,
    "enableRgbOverlay": true,
    "enableSharpen": false,
    "enableSlowZoom": false,
    "enableStrobe": false,
    "enableTempoLfo": true,
    "enableTemporal": false,
    "enableThreshold": false,
    "enableZoomPulse": false,
    "energy": 0.0075380634516477585,
    "feedbackAmount": 0.0,
    "feedbackDecay": 0.0,
    "forcedFpsIndex": 4,
    "frameAccumulation": 0.0,
    "fxaaQualityEdgeThreshold": 0.125,
    "fxaaQualityEdgeThresholdMin": 0.0625,
    "fxaaQualitySubpix": 0.75,
    "gaussianBlur": 0.0,
    "glitchAmount": 0.6173688769340515,
    "glitchBufferCorruption": 0.0,
    "glitchDatamosh": 0.0,
    "glitchJitter": 0.0,
    "glitchPixelSort": 0.0,
    "glitchRGBSplit": 0.0,
    "glitchScanlineBreak": 0.0,
    "glitchTearing": 0.0,
    "gradeBrightness": 0.0,
    "gradeContrast": 1.0,
    "gradeGamma": 1.0,
    "gradeHueShift": 0.0,
    "gradeSaturation": 1.0,
    "grainStrength": 0.31003743410110474,
    "grayscaleAmount": 0.0,
    "gridColumns": 2,
    "gridCount": 4,
    "gridLineColor": [
        1.0,
        1.0,
        1.0
    ],
    "gridLineIntensity": 0.5,
    "gridLineWidth": 0.0020000000949949026,
    "gridMirrorCells": true,
    "gridMode": 2,
    "gridRows": 2,
    "gridShowLines": false,
    "high": 0.007308403495699167,
    "kaleidoSegments": 6.0,
    "localContrast": 0.0,
    "lockColorBalance": true,
    "lockGrid": true,
    "lockThreshold": true,
    "loopBlendSeconds": 2.0,
    "masterBrightness": 2.0,
    "mid": 0.011410094797611237,
    "mirrorAmount": 0.04769616946578026,
    "motionBlur": 0.0,
    "outputAspectRatio": 0,
    "pixelateAmount": 0.0,
    "postEffectIntensity": 1.0,
    "postEffectMode": 0,
    "postEffectName": "",
    "postEffectRgbAdjust": [
        1.0,
        1.0,
        1.0
    ],
    "postEffectStrength": 1.0,
    "posterizeLevels": 9.23440933227539,
    "primaryColor": [
        0.8999999761581421,
        0.4000000059604645,
        0.10000000149011612,
        1.0
    ],
    "primaryColorTarget": [
        0.023464202880859375,
        0.9808623790740967,
        0.4787660241127014,
        1.0
    ],
    "randomJumpInterval": 5.0,
    "randomJumpInterval2": 5.0,
    "randomJumpInterval3": 5.0,
    "randomVideo2Start": false,
    "randomVideo3Start": false,
    "randomVideoStart": false,
    "recursiveBlend": 0.0,
    "rgbOverlay": [
        0.1921568661928177,
        1.0,
        1.0
    ],
    "rgbShiftAmount": 0.04777003452181816,
    "rippleFrequency": 1.0,
    "rippleStrength": 0.0,
    "secondaryColor": [
        0.10000000149011612,
        0.5,
        0.800000011920929,
        1.0
    ],
    "secondaryColorTarget": [
        0.9808623790740967,
        0.023464202880859375,
        0.5255605578422546,
        1.0
    ],
    "selectedVideo2Asset": 0,
    "selectedVideo2Folder": "",
    "selectedVideo3Asset": 0,
    "selectedVideo3Folder": "",
    "selectedVideoFolder": "",
    "sharpenAmount": 0.0,
    "slowMotionFactor": 1.0,
    "slowZoomAmount": 0.0,
    "splitToneBalance": 0.5,
    "splitToneHighlights": [
        1.0,
        1.0,
        1.0
    ],
    "splitToneShadows": [
        0.0,
        0.0,
        0.0
    ],
    "strobeSpeed": 0.0,
    "swirlStrength": 0.0,
    "tempo": 0.009817048907279968,
    "tempoLfoDepth": 1.3880000114440918,
    "tempoLfoPhase": 2.646838665008545,
    "tempoLfoSpeed": 2.940000057220459,
    "temporalAccumulation": 0.0,
    "temporalBlendStrength": 0.0,
    "temporalBlur": 0.0,
    "temporalInterpolation": 0.0,
    "thresholdLevel": 0.5,
    "trailStrength": 0.0,
    "tunnelCurvature": 0.0,
    "tunnelDepth": 0.0,
    "unsharpMask": 0.0,
    "upscaleEnabled": true,
    "uvWarpStrength": 0.0,
    "version": 1,
    "vhsDistortion": 0.0,
    "video2BlendMode": 1,
    "video2Mix": 0.4790000021457672,
    "video2PlaybackRate": 1.0,
    "video3BlendMode": 1,
    "video3Mix": 0.4860000014305115,
    "video3PlaybackRate": 1.0,
    "videoDecodeOversample": 1.0,
    "videoMix": 1.0,
    "videoPlaybackRate": 1.0,
    "zoomBlur": 0.0,
    "zoomPulseAmount": 0.8833818435668945
}