{
    "aberrationAmount": 0.013091620057821274,
    "activeMode": 40,
    "analogBloom": 0.9830484986305237,
    "analogChromaticAberration": 0.12501294910907745,
    "analogMaskBalance": 0.05716932192444801,
    "analogNoise": 0.12205498665571213,
    "analogScanlineFocus": 0.19228564202785492,
    "animationSpeed": 1.0,
    "animationTargetSeconds": 1.0,
    "audioBassGain": 1.0099999904632568,
    "audioBeatSync": 1.0,
    "audioBlurResponse": 1.204290509223938,
    "audioColorResponse": 0.9923453330993652,
    "audioFeedbackResponse": 0.8577277064323425,
    "audioGlitchResponse": 1.3547266721725464,
    "audioHighGain": 0.9900000095367432,
    "audioInputGain": 3.0,
    "audioLfoRate": 3.96869158744812,
    "audioMidGain": 1.0199999809265137,
    "audioReactiveDrive": 3.0,
    "audioWarpResponse": 1.8307437896728516,
    "autoRandomizeColors": true,
    "autoScaleVideo": true,
    "bass": 1.0,
    "bendAmount": 0.32084617018699646,
    "blendFeedbackMix": 0.5,
    "blendModeFeedback": 2,
    "blendModeProcedural": 4,
    "blendModeVideo": 0,
    "blendProceduralMix": 0.683811366558075,
    "blendVideoMix": 0.43027088046073914,
    "bloomIntensity": 1.317672610282898,
    "bloomThreshold": 0.7602287530899048,
    "cameraPanX": 0.17947423458099365,
    "cameraPanY": 0.043920278549194336,
    "cameraRotation": -2.6118361949920654,
    "cameraZoom": 1.2081339359283447,
    "casAmount": 0.6838752031326294,
    "colorBalance": [
        1.0,
        1.0,
        1.0
    ],
    "colorBlend": 0.4880000054836273,
    "colorLUTIndex": 3,
    "colorRandomizeElapsed": 0.8319130539894104,
    "colorRandomizeInterval": 1.0,
    "crtCurvature": 0.29459309577941895,
    "crtFishEye": -0.4155839681625366,
    "crtHorizontalCurvature": 0.11531668156385422,
    "crtMaskIntensity": 0.2949555516242981,
    "crtScanlineIntensity": 0.645071268081665,
    "crtVignette": 0.5358287692070007,
    "directionalBlur": 0.700120210647583,
    "directionalBlurAngle": 91.38762664794922,
    "displacementAmount": 0.47746792435646057,
    "edgeBlend": 0.5195268988609314,
    "edgeColor": [
        0.8628719449043274,
        0.9393632411956787,
        0.06411907821893692
    ],
    "edgeStrength": 3.760361433029175,
    "edgeThreshold": 0.8748303055763245,
    "enableAnalog": true,
    "enableBlending": true,
    "enableBlurMotion": true,
    "enableCameraMovement": false,
    "enableColorGrading": true,
    "enableDistortion": true,
    "enableDualVideo": true,
    "enableEdgeDetect": true,
    "enableFXAA": true,
    "enableFeedback": true,
    "enableGlitch": true,
    "enableGrid": false,
    "enableInfrared": true,
    "enableInvert": true,
    "enableMirror": true,
    "enablePixelate": false,
    "enablePostAberration": true,
    "enablePostBend": true,
    "enablePostBloom": true,
    "enablePostColorBalance": true,
    "enablePostCrtCurvature": true,
    "enablePostFishEye": true,
    "enablePostGlitch": true,
    "enablePostGrain": true,
    "enablePostScanMask": true,
    "enablePostVignette": true,
    "enablePosterize": true,
    "enableRGBShift": true,
    "enableRandomJumpInterval": false,
    "enableRandomJumpInterval2": false,
    "enableRgbOverlay": true,
    "enableSharpen": true,
    "enableSlowZoom": true,
    "enableStrobe": true,
    "enableTempoLfo": true,
    "enableTemporal": true,
    "enableThreshold": false,
    "enableZoomPulse": true,
    "energy": 0.6230379939079285,
    "feedbackAmount": 0.0,
    "feedbackDecay": 0.0,
    "forcedFpsIndex": 4,
    "frameAccumulation": 0.472752183675766,
    "fxaaQualityEdgeThreshold": 0.38638290762901306,
    "fxaaQualityEdgeThresholdMin": 0.08133453875780106,
    "fxaaQualitySubpix": 0.5993736982345581,
    "gaussianBlur": 0.6902967095375061,
    "glitchAmount": 0.9038839936256409,
    "glitchBufferCorruption": 0.7830542325973511,
    "glitchDatamosh": 0.5742186903953552,
    "glitchJitter": 0.19489485025405884,
    "glitchPixelSort": 0.32960230112075806,
    "glitchRGBSplit": 0.938980221748352,
    "glitchScanlineBreak": 0.9526809453964233,
    "glitchTearing": 0.15672029554843903,
    "gradeBrightness": 0.13275720179080963,
    "gradeContrast": 1.2322049140930176,
    "gradeGamma": 0.9628327488899231,
    "gradeHueShift": -22.988975524902344,
    "gradeSaturation": 1.5566973686218262,
    "grainStrength": 0.22324302792549133,
    "grayscaleAmount": 0.0,
    "gridColumns": 4,
    "gridCount": 4,
    "gridLineColor": [
        1.0,
        1.0,
        1.0
    ],
    "gridLineIntensity": 0.5,
    "gridLineWidth": 0.0020000000949949026,
    "gridMirrorCells": true,
    "gridMode": 2,
    "gridRows": 4,
    "gridShowLines": false,
    "high": 0.5564888715744019,
    "kaleidoSegments": 11.777583122253418,
    "localContrast": 0.12791778147220612,
    "lockColorBalance": true,
    "lockGrid": true,
    "lockThreshold": true,
    "loopBlendSeconds": 0.0,
    "mid": 1.0,
    "mirrorAmount": 0.31904396414756775,
    "motionBlur": 0.3088630437850952,
    "pixelateAmount": 0.39678290486335754,
    "posterizeLevels": 2.267679214477539,
    "primaryColor": [
        0.28145501017570496,
        0.761557400226593,
        0.5176898241043091,
        1.0
    ],
    "primaryColorTarget": [
        0.0,
        0.4857323169708252,
        1.0,
        1.0
    ],
    "randomJumpInterval": 5.0,
    "randomJumpInterval2": 5.0,
    "randomVideo2Start": false,
    "randomVideoStart": false,
    "recursiveBlend": 0.0,
    "rgbOverlay": [
        1.0,
        0.6666666865348816,
        1.0
    ],
    "rgbShiftAmount": 0.015190091915428638,
    "rippleFrequency": 1.2257415056228638,
    "rippleStrength": 0.43311214447021484,
    "secondaryColor": [
        0.718540608882904,
        0.23843836784362793,
        0.4823060631752014,
        1.0
    ],
    "secondaryColorTarget": [
        1.0,
        0.5142679810523987,
        0.0,
        1.0
    ],
    "selectedVideo2Asset": 0,
    "selectedVideo2Folder": "1080 1",
    "selectedVideoFolder": "1080 1",
    "sharpenAmount": 0.0,
    "slowMotionFactor": 2.717668294906616,
    "slowZoomAmount": 0.7394993305206299,
    "splitToneBalance": 0.19536374509334564,
    "splitToneHighlights": [
        0.7053794860839844,
        0.3301197588443756,
        0.0030478457920253277
    ],
    "splitToneShadows": [
        0.42024269700050354,
        0.22942666709423065,
        0.8413821458816528
    ],
    "strobeSpeed": 16.50109100341797,
    "swirlStrength": 0.48069828748703003,
    "tempo": 5.0,
    "tempoLfoDepth": 1.3880000114440918,
    "tempoLfoPhase": 0.0455937385559082,
    "tempoLfoSpeed": 2.940000057220459,
    "temporalAccumulation": 0.0,
    "temporalBlendStrength": 0.18852654099464417,
    "temporalBlur": 0.41067269444465637,
    "temporalInterpolation": 0.5065006017684937,
    "thresholdLevel": 0.5,
    "trailStrength": 0.0,
    "tunnelCurvature": 0.056260526180267334,
    "tunnelDepth": 0.08395911008119583,
    "unsharpMask": 0.6221807599067688,
    "upscaleEnabled": true,
    "uvWarpStrength": 0.427133709192276,
    "version": 1,
    "vhsDistortion": 0.6806562542915344,
    "video2BlendMode": 4,
    "video2Mix": 0.28299999237060547,
    "video2PlaybackRate": 3.05908203125,
    "videoDecodeOversample": 1.0,
    "videoMix": 0.03200000151991844,
    "videoPlaybackRate": 3.05908203125,
    "zoomBlur": 0.8934004306793213,
    "zoomPulseAmount": 0.4782988727092743
}