{
    "aberrationAmount": -0.04285774007439613,
    "activeMode": 10,
    "analogBloom": 0.4415948688983917,
    "analogChromaticAberration": 0.034922871738672256,
    "analogMaskBalance": 0.498197466135025,
    "analogNoise": 0.026496820151805878,
    "analogScanlineFocus": 0.8384403586387634,
    "animationSpeed": 1.0,
    "animationTargetSeconds": 1.0,
    "audioBeatSync": 1.0,
    "audioBlurResponse": 1.5667650699615479,
    "audioColorResponse": 0.275917112827301,
    "audioFeedbackResponse": 1.0169363021850586,
    "audioGlitchResponse": 1.4347233772277832,
    "audioHighGain": 1.0,
    "audioLfoRate": 2.536909580230713,
    "audioReactiveDrive": 1.0,
    "audioWarpResponse": 1.4521404504776,
    "autoRandomizeColors": true,
    "autoScaleVideo": true,
    "bass": 0.13817615807056427,
    "bendAmount": 0.3904193043708801,
    "blendFeedbackMix": 0.9700000286102295,
    "blendModeFeedback": 5,
    "blendModeProcedural": 0,
    "blendModeVideo": 2,
    "blendProceduralMix": 0.9800000190734863,
    "blendVideoMix": 1.0,
    "bloomIntensity": 0.9261120557785034,
    "bloomThreshold": 0.2532249093055725,
    "cameraPanX": 0.9980645179748535,
    "cameraPanY": -0.7387344241142273,
    "cameraRotation": 2.346853733062744,
    "cameraZoom": 1.6487808227539063,
    "casAmount": 0.5661484599113464,
    "colorBalance": [
        0.6695776581764221,
        1.9096310138702393,
        1.518115520477295
    ],
    "colorBlend": 0.4880000054836273,
    "colorLUTIndex": 1,
    "colorRandomizeElapsed": 0.8412045240402222,
    "colorRandomizeInterval": 1.0,
    "crtCurvature": 0.06757809221744537,
    "crtFishEye": -0.47044825553894043,
    "crtHorizontalCurvature": 0.08991674333810806,
    "crtMaskIntensity": 0.6358709931373596,
    "crtScanlineIntensity": 0.7650421261787415,
    "crtVignette": 0.14761865139007568,
    "directionalBlur": 0.06592612713575363,
    "directionalBlurAngle": 6.28000020980835,
    "displacementAmount": 0.030438629910349846,
    "edgeBlend": 0.5900242328643799,
    "edgeColor": [
        0.34158122539520264,
        0.16957561671733856,
        0.9740212559700012
    ],
    "edgeStrength": 1.880720853805542,
    "edgeThreshold": 0.158298060297966,
    "enableAnalog": true,
    "enableAudioReactive": true,
    "enableBlending": true,
    "enableBlurMotion": true,
    "enableCameraMovement": true,
    "enableColorGrading": true,
    "enableDistortion": true,
    "enableDualVideo": true,
    "enableEdgeDetect": true,
    "enableFXAA": true,
    "enableFeedback": true,
    "enableGlitch": false,
    "enableGrid": true,
    "enableInfrared": true,
    "enableInvert": true,
    "enableMirror": true,
    "enablePixelate": false,
    "enablePostAberration": true,
    "enablePostBend": false,
    "enablePostBloom": true,
    "enablePostColorBalance": true,
    "enablePostCrtCurvature": true,
    "enablePostFishEye": false,
    "enablePostGlitch": true,
    "enablePostGrain": true,
    "enablePostScanMask": true,
    "enablePostVignette": false,
    "enablePosterize": true,
    "enableRGBShift": true,
    "enableRandomJumpInterval": false,
    "enableRandomJumpInterval2": false,
    "enableRgbOverlay": true,
    "enableSharpen": false,
    "enableSlowZoom": true,
    "enableStrobe": true,
    "enableTempoLfo": true,
    "enableTemporal": true,
    "enableThreshold": true,
    "enableZoomPulse": true,
    "energy": 0.0,
    "feedbackAmount": 0.004579250700771809,
    "feedbackDecay": 0.8989279270172119,
    "forcedFpsIndex": 4,
    "frameAccumulation": 0.4638673663139343,
    "fxaaQualityEdgeThreshold": 0.32613107562065125,
    "fxaaQualityEdgeThresholdMin": 0.15455995500087738,
    "fxaaQualitySubpix": 0.6888822913169861,
    "gaussianBlur": 0.004464537836611271,
    "glitchAmount": 0.22853928804397583,
    "glitchBufferCorruption": 0.8697911500930786,
    "glitchDatamosh": 0.24206840991973877,
    "glitchJitter": 0.9388536810874939,
    "glitchPixelSort": 0.28899893164634705,
    "glitchRGBSplit": 0.1918782740831375,
    "glitchScanlineBreak": 0.7758405208587646,
    "glitchTearing": 0.7049034237861633,
    "gradeBrightness": 0.019999999552965164,
    "gradeContrast": 0.9362516403198242,
    "gradeGamma": 0.8588595390319824,
    "gradeHueShift": 6.28000020980835,
    "gradeSaturation": 1.0404353141784668,
    "grainStrength": 0.017470858991146088,
    "grayscaleAmount": 1.0,
    "gridColumns": 7,
    "gridCount": 1,
    "gridLineColor": [
        1.0,
        1.0,
        1.0
    ],
    "gridLineIntensity": 0.5,
    "gridLineWidth": 0.0020000000949949026,
    "gridMirrorCells": false,
    "gridMode": 1,
    "gridRows": 7,
    "gridShowLines": false,
    "high": 0.027624044567346573,
    "kaleidoSegments": 11.715916633605957,
    "localContrast": 0.42810022830963135,
    "loopBlendSeconds": 0.0,
    "mid": 0.1237177923321724,
    "mirrorAmount": 0.4679339826107025,
    "motionBlur": 0.8241186738014221,
    "pixelateAmount": 0.6696158051490784,
    "posterizeLevels": 6.696774959564209,
    "primaryColor": [
        0.22350573539733887,
        0.030883001163601875,
        0.8855210542678833,
        1.0
    ],
    "primaryColorTarget": [
        0.1914893388748169,
        0.02410578727722168,
        0.9201724529266357,
        1.0
    ],
    "randomJumpInterval": 5.0,
    "randomJumpInterval2": 5.0,
    "randomVideo2Start": false,
    "randomVideoStart": false,
    "recursiveBlend": 0.7502304315567017,
    "rgbOverlay": [
        1.0,
        0.6666666865348816,
        1.0
    ],
    "rgbShiftAmount": 0.042419396340847015,
    "rippleFrequency": 2.206447124481201,
    "rippleStrength": 0.21944499015808105,
    "secondaryColor": [
        0.688206136226654,
        0.8808289766311646,
        0.026190752163529396,
        1.0
    ],
    "secondaryColorTarget": [
        0.7527889013290405,
        0.9201724529266357,
        0.02410578727722168,
        1.0
    ],
    "selectedVideo2Asset": 0,
    "selectedVideo2Folder": "1080 1",
    "selectedVideoFolder": "1080 1",
    "sharpenAmount": 1.0,
    "slowMotionFactor": 1.0738779306411743,
    "slowZoomAmount": 0.3715675473213196,
    "splitToneBalance": 0.32019689679145813,
    "splitToneHighlights": [
        0.9266830682754517,
        0.802765429019928,
        0.917526364326477
    ],
    "splitToneShadows": [
        0.32599276304244995,
        0.15540462732315063,
        0.1995992809534073
    ],
    "strobeSpeed": 14.108488082885742,
    "swirlStrength": 0.039343178272247314,
    "tempo": 20.0,
    "tempoLfoDepth": 0.30000001192092896,
    "tempoLfoPhase": 5.897135257720947,
    "tempoLfoSpeed": 0.5,
    "temporalAccumulation": 0.5037630796432495,
    "temporalBlendStrength": 0.07884778827428818,
    "temporalBlur": 0.1957712322473526,
    "temporalInterpolation": 0.29547783732414246,
    "thresholdLevel": 0.17000000178813934,
    "trailStrength": 0.1889624446630478,
    "tunnelCurvature": 0.035093486309051514,
    "tunnelDepth": 0.4628031253814697,
    "unsharpMask": 0.7983723282814026,
    "upscaleEnabled": true,
    "uvWarpStrength": 0.27662554383277893,
    "version": 1,
    "vhsDistortion": 0.042963139712810516,
    "video2BlendMode": 0,
    "video2Mix": 0.4830000102519989,
    "video2PlaybackRate": 1.0,
    "videoDecodeOversample": 1.0,
    "videoMix": 1.0,
    "videoPlaybackRate": 1.0,
    "zoomBlur": 0.6515900492668152,
    "zoomPulseAmount": 0.21728423237800598
}