{
    "version": 2,
    "video": {
        "allowDimensionChangeRecreation": true,
        "randomizer1": {
            "autoRandomize": true,
            "intervalSeconds": 5.0,
            "useShuffleMode": true,
            "useVideoDuration": true
        },
        "randomizer2": {
            "autoRandomize": true,
            "intervalSeconds": 5.0,
            "useShuffleMode": true,
            "useVideoDuration": true
        },
        "selectedVideoAsset": 101,
        "selectedVideoAsset2": 274,
        "videoSourcePath": "mp4s/VHS/Cyberpunk VHS • 60 FPS 1990.ia.mp4",
        "videoSourcePath2": "mp4s/lsd-dream-emulator-fmv/SPDAY11A.STR[0].mp4"
    },
    "visualControls": {
        "aberrationAmount": 0.019884895533323288,
        "activeMode": 9,
        "analogBloom": 1.3856078386306763,
        "analogChromaticAberration": 0.1729162186384201,
        "analogMaskBalance": 0.8921467065811157,
        "analogNoise": 0.3372049927711487,
        "analogScanlineFocus": 0.8873839974403381,
        "animationSpeed": 1.0,
        "animationTargetSeconds": 1.0,
        "audioBassGain": 1.4299999475479126,
        "audioBeatSync": 1.0,
        "audioBlurResponse": 2.0,
        "audioColorResponse": 2.0,
        "audioFeedbackResponse": 2.0,
        "audioGlitchResponse": 2.0,
        "audioHighGain": 3.4100000858306885,
        "audioInputGain": 1.25,
        "audioLfoRate": 4.0,
        "audioMidGain": 1.7899999618530273,
        "audioReactiveDrive": 1.659999966621399,
        "audioWarpResponse": 2.0,
        "autoRandomizeColors": false,
        "autoScaleVideo": true,
        "bass": 0.2618912160396576,
        "bendAmount": 0.26174041628837585,
        "blendFeedbackMix": 0.5,
        "blendModeFeedback": 2,
        "blendModeProcedural": 3,
        "blendModeVideo": 2,
        "blendProceduralMix": 0.8854933977127075,
        "blendVideoMix": 0.9384641647338867,
        "bloomIntensity": 1.3901031017303467,
        "bloomThreshold": 0.43742892146110535,
        "cameraPanX": -1.0,
        "cameraPanY": -1.0,
        "cameraRotation": -3.140000104904175,
        "cameraZoom": 0.009999999776482582,
        "casAmount": 0.600151538848877,
        "colorBalance": [
            1.0,
            1.0,
            0.8709999918937683
        ],
        "colorBlend": 0.0,
        "colorLUTIndex": 2,
        "colorRandomizeElapsed": 0.8319130539894104,
        "colorRandomizeInterval": 0.10000000149011612,
        "crtCurvature": 0.009999999776482582,
        "crtFishEye": 0.9578590393066406,
        "crtHorizontalCurvature": 0.3229893445968628,
        "crtMaskIntensity": 0.1078195720911026,
        "crtScanlineIntensity": 0.4678387939929962,
        "crtVignette": 0.7454074025154114,
        "directionalBlur": 0.6737995743751526,
        "directionalBlurAngle": 140.37164306640625,
        "displacementAmount": 0.3075636327266693,
        "edgeBlend": 0.22373002767562866,
        "edgeColor": [
            0.9798592329025269,
            0.7495273351669312,
            0.42832592129707336
        ],
        "edgeStrength": 2.382617235183716,
        "edgeThreshold": 0.2826606035232544,
        "enableAnalog": true,
        "enableBlending": true,
        "enableBlurMotion": true,
        "enableCameraMovement": true,
        "enableColorGrading": true,
        "enableDistortion": true,
        "enableDualVideo": true,
        "enableEdgeDetect": true,
        "enableFXAA": true,
        "enableFeedback": true,
        "enableGlitch": false,
        "enableGrid": true,
        "enableInfrared": true,
        "enableInvert": true,
        "enableMirror": true,
        "enablePixelate": false,
        "enablePostAberration": true,
        "enablePostBend": false,
        "enablePostBloom": true,
        "enablePostColorBalance": true,
        "enablePostCrtCurvature": false,
        "enablePostFishEye": false,
        "enablePostGlitch": true,
        "enablePostGrain": true,
        "enablePostScanMask": false,
        "enablePostVignette": false,
        "enablePosterize": true,
        "enableRGBShift": true,
        "enableRandomJumpInterval": false,
        "enableRandomJumpInterval2": false,
        "enableRgbOverlay": true,
        "enableSharpen": true,
        "enableSlowZoom": true,
        "enableStrobe": true,
        "enableTempoLfo": true,
        "enableTemporal": true,
        "enableThreshold": true,
        "enableZoomPulse": true,
        "energy": 0.07346300035715103,
        "feedbackAmount": 0.0,
        "feedbackDecay": 0.0,
        "forcedFpsIndex": 4,
        "frameAccumulation": 0.7229856848716736,
        "fxaaQualityEdgeThreshold": 0.38092291355133057,
        "fxaaQualityEdgeThresholdMin": 0.19812297821044922,
        "fxaaQualitySubpix": 0.6178823709487915,
        "gaussianBlur": 0.773308515548706,
        "glitchAmount": 0.7895796895027161,
        "glitchBufferCorruption": 0.7666311860084534,
        "glitchDatamosh": 0.8095134496688843,
        "glitchJitter": 0.05686880275607109,
        "glitchPixelSort": 0.543213963508606,
        "glitchRGBSplit": 0.5233062505722046,
        "glitchScanlineBreak": 0.19025160372257233,
        "glitchTearing": 0.6506066918373108,
        "gradeBrightness": -0.13242071866989136,
        "gradeContrast": 0.9874624013900757,
        "gradeGamma": 1.086714744567871,
        "gradeHueShift": 69.62782287597656,
        "gradeSaturation": 1.4679186344146729,
        "grainStrength": 0.11856695264577866,
        "grayscaleAmount": 0.0,
        "gridColumns": 4,
        "gridCount": 4,
        "gridLineColor": [
            1.0,
            1.0,
            1.0
        ],
        "gridLineIntensity": 0.5,
        "gridLineWidth": 0.0020000000949949026,
        "gridMirrorCells": true,
        "gridMode": 2,
        "gridRows": 2,
        "gridShowLines": false,
        "high": 0.17834331095218658,
        "kaleidoSegments": 9.223943710327148,
        "localContrast": 0.32490262389183044,
        "lockColorBalance": true,
        "lockGrid": true,
        "lockThreshold": true,
        "loopBlendSeconds": 0.0,
        "mid": 0.22658757865428925,
        "mirrorAmount": 0.5205795764923096,
        "motionBlur": 0.687548041343689,
        "pixelateAmount": 0.14846159517765045,
        "posterizeLevels": 15.365565299987793,
        "primaryColor": [
            0.36944490671157837,
            0.778406023979187,
            0.3819562792778015,
            1.0
        ],
        "primaryColorTarget": [
            0.0,
            0.9511458873748779,
            1.0,
            1.0
        ],
        "randomJumpInterval": 5.0,
        "randomJumpInterval2": 5.0,
        "randomVideo2Start": false,
        "randomVideoStart": false,
        "recursiveBlend": 0.0,
        "rgbOverlay": [
            0.0,
            0.0,
            1.0
        ],
        "rgbShiftAmount": 0.07841291278600693,
        "rippleFrequency": 5.788889408111572,
        "rippleStrength": 0.2342100739479065,
        "secondaryColor": [
            0.6318154335021973,
            0.22285433113574982,
            0.6193041205406189,
            1.0
        ],
        "secondaryColorTarget": [
            1.0,
            0.048854053020477295,
            0.0,
            1.0
        ],
        "selectedVideo2Asset": 0,
        "selectedVideo2Folder": "",
        "selectedVideoFolder": "",
        "sharpenAmount": 0.0,
        "slowMotionFactor": 3.152951240539551,
        "slowZoomAmount": 0.49131953716278076,
        "splitToneBalance": 0.013108438812196255,
        "splitToneHighlights": [
            0.2786690890789032,
            0.8008108735084534,
            0.6862825751304626
        ],
        "splitToneShadows": [
            0.21937020123004913,
            0.8810657262802124,
            0.8117688298225403
        ],
        "strobeSpeed": 13.25020694732666,
        "swirlStrength": -0.057560086250305176,
        "tempo": 0.1652650684118271,
        "tempoLfoDepth": 1.3880000114440918,