{
    "version": 2,
    "video": {
        "allowDimensionChangeRecreation": true,
        "randomizer1": {
            "autoRandomize": false,
            "intervalSeconds": 5.0,
            "useShuffleMode": true,
            "useVideoDuration": true
        },
        "randomizer2": {
            "autoRandomize": false,
            "intervalSeconds": 5.0,
            "useShuffleMode": true,
            "useVideoDuration": true
        },
        "selectedVideoAsset": 230,
        "selectedVideoAsset2": 390,
        "videoSourcePath": "mp4s/VHS/HowtheEy1941_512kb-00.00.18.146-00.11.17.209-00.09.20.954-00.10.00.173-seg3.mp4",
        "videoSourcePath2": "mp4s/1080 1/blue tunnel t.mp4"
    },
    "visualControls": {
        "aberrationAmount": 0.0,
        "activeMode": 9,
        "analogBloom": 1.5827378034591675,
        "analogChromaticAberration": 0.09393709897994995,
        "analogMaskBalance": 0.5332224369049072,
        "analogNoise": 0.5921851992607117,
        "analogScanlineFocus": 0.5393999814987183,
        "animationSpeed": 1.0,
        "animationTargetSeconds": 1.0,
        "audioBassGain": 1.0,
        "audioBeatSync": 1.0,
        "audioBlurResponse": 2.0,
        "audioColorResponse": 2.0,
        "audioFeedbackResponse": 2.0,
        "audioGlitchResponse": 2.0,
        "audioHighGain": 4.0,
        "audioInputGain": 2.4600000381469727,
        "audioLfoRate": 4.0,
        "audioMidGain": 2.450000047683716,
        "audioReactiveDrive": 0.5,
        "audioWarpResponse": 2.0,
        "autoRandomizeColors": false,
        "autoScaleVideo": true,
        "bass": 0.6905151605606079,
        "bendAmount": 0.38713666796684265,
        "blendFeedbackMix": 1.0,
        "blendModeFeedback": 5,
        "blendModeProcedural": 1,
        "blendModeVideo": 4,
        "blendProceduralMix": 0.40899354219436646,
        "blendVideoMix": 1.0168848037719727,
        "bloomIntensity": 1.5942984819412231,
        "bloomThreshold": 0.8668383359909058,
        "cameraPanX": 0.27110135555267334,
        "cameraPanY": 0.318672776222229,
        "cameraRotation": 1.427955150604248,
        "cameraZoom": 1.923450231552124,
        "casAmount": 0.5306664109230042,
        "colorBalance": [
            0.5379999876022339,
            0.0,
            2.0
        ],
        "colorBlend": 0.4880000054836273,
        "colorLUTIndex": 2,
        "colorRandomizeElapsed": 0.8319130539894104,
        "colorRandomizeInterval": 1.0,
        "crtCurvature": 0.49139416217803955,
        "crtFishEye": 0.6753323078155518,
        "crtHorizontalCurvature": 0.09743378311395645,
        "crtMaskIntensity": 0.22530008852481842,
        "crtScanlineIntensity": 0.07123897969722748,
        "crtVignette": 0.8945298194885254,
        "directionalBlur": 0.46942758560180664,
        "directionalBlurAngle": 28.13718032836914,
        "displacementAmount": 0.26724639534950256,
        "edgeBlend": 0.4326564371585846,
        "edgeColor": [
            0.684293270111084,
            0.1571323424577713,
            0.6790392398834229
        ],
        "edgeStrength": 1.451850175857544,
        "edgeThreshold": 0.6865549087524414,
        "enableAnalog": false,
        "enableBlending": true,
        "enableBlurMotion": false,
        "enableCameraMovement": true,
        "enableColorGrading": true,
        "enableDistortion": false,
        "enableDualVideo": true,
        "enableEdgeDetect": true,
        "enableFXAA": true,
        "enableFeedback": true,
        "enableGlitch": false,
        "enableGrid": false,
        "enableInfrared": true,
        "enableInvert": true,
        "enableMirror": true,
        "enablePixelate": false,
        "enablePostAberration": true,
        "enablePostBend": false,
        "enablePostBloom": true,
        "enablePostColorBalance": true,
        "enablePostCrtCurvature": true,
        "enablePostFishEye": true,
        "enablePostGlitch": true,
        "enablePostGrain": true,
        "enablePostScanMask": false,
        "enablePostVignette": false,
        "enablePosterize": true,
        "enableRGBShift": true,
        "enableRandomJumpInterval": false,
        "enableRandomJumpInterval2": false,
        "enableRgbOverlay": true,
        "enableSharpen": true,
        "enableSlowZoom": true,
        "enableStrobe": true,
        "enableTempoLfo": true,
        "enableTemporal": true,
        "enableThreshold": true,
        "enableZoomPulse": true,
        "energy": 0.33770525455474854,
        "feedbackAmount": 0.0,
        "feedbackDecay": 0.0,
        "forcedFpsIndex": 4,
        "frameAccumulation": 0.1862260103225708,
        "fxaaQualityEdgeThreshold": 0.0720885694026947,
        "fxaaQualityEdgeThresholdMin": 0.14746524393558502,
        "fxaaQualitySubpix": 0.18294860422611237,
        "gaussianBlur": 0.3417825400829315,
        "glitchAmount": 0.710652232170105,
        "glitchBufferCorruption": 0.7396054863929749,
        "glitchDatamosh": 0.8752946257591248,
        "glitchJitter": 0.9653634428977966,
        "glitchPixelSort": 0.21214593946933746,
        "glitchRGBSplit": 0.7659619450569153,
        "glitchScanlineBreak": 0.792625904083252,
        "glitchTearing": 0.9641799330711365,
        "gradeBrightness": -0.1028333455324173,
        "gradeContrast": 1.197371006011963,
        "gradeGamma": 1.3803695440292358,
        "gradeHueShift": 83.70840454101563,
        "gradeSaturation": 1.0387259721755981,
        "grainStrength": 0.4957883358001709,
        "grayscaleAmount": 0.0,
        "gridColumns": 4,
        "gridCount": 4,
        "gridLineColor": [
            1.0,
            1.0,
            1.0
        ],
        "gridLineIntensity": 0.5,
        "gridLineWidth": 0.0020000000949949026,
        "gridMirrorCells": true,
        "gridMode": 2,
        "gridRows": 2,
        "gridShowLines": false,
        "high": 0.42710748314857483,
        "kaleidoSegments": 9.612269401550293,
        "localContrast": 0.03641350194811821,
        "lockColorBalance": true,
        "lockGrid": true,
        "lockThreshold": true,
        "loopBlendSeconds": 0.0,
        "mid": 0.8226636052131653,
        "mirrorAmount": 0.23831260204315186,
        "motionBlur": 0.5198190212249756,
        "pixelateAmount": 0.0,
        "posterizeLevels": 4.645596981048584,
        "primaryColor": [
            0.43307098746299744,
            0.7283778190612793,
            0.26232457160949707,
            1.0
        ],
        "primaryColorTarget": [
            0.023464202880859375,
            0.9808623790740967,
            0.4787660241127014,
            1.0
        ],
        "randomJumpInterval": 5.0,
        "randomJumpInterval2": 5.0,
        "randomVideo2Start": false,
        "randomVideoStart": false,
        "recursiveBlend": 0.0,
        "rgbOverlay": [
            1.0,
            0.6666666865348816,
            1.0
        ],
        "rgbShiftAmount": 0.013398167677223682,
        "rippleFrequency": 1.748220682144165,
        "rippleStrength": 0.3549220860004425,
        "secondaryColor": [
            0.5592669248580933,
            0.263960063457489,
            0.7300134897232056,
            1.0
        ],
        "secondaryColorTarget": [
            0.9808623790740967,
            0.023464202880859375,
            0.5255605578422546,
            1.0
        ],
        "selectedVideo2Asset": 0,
        "selectedVideo2Folder": "",
        "selectedVideoFolder": "",
        "sharpenAmount": 0.0,
        "slowMotionFactor": 0.2369820475578308,
        "slowZoomAmount": 0.2886168658733368,
        "splitToneBalance": 0.09744270890951157,
        "splitToneHighlights": [
            0.5221540927886963,
            0.9372619390487671,
            0.6623029708862305
        ],
        "splitToneShadows": [
            0.046064749360084534,
            0.855544924736023,
            0.4839274287223816
        ],
        "strobeSpeed": 0.12253426015377045,
        "swirlStrength": -0.3092859387397766,
        "tempo": 0.4906216561794281,